,dd,ts_c,par,lai,sai,dvi,photoperiod,PARsun,PARshade,A_n,A_n_limit_factor,fst,fst_acc,rsto_l,gsto_l,gsto,gsto_bulk,gsto_canopy,A_n_canopy,c_root,c_stem,c_leaf,c_harv,c_resv,npp,npp_acc,fO3_d,fO3_h,c_i,td_dd,o3_ppb,o3_nmol_m3,canopy_height,o3_ppb_i,pody,pod0,precip_acc,swp,asw,smd,sn,ei,et,es,ei_acc,et_acc,es_acc,f_phen,leaf_f_phen,f_light,leaf_f_light,f_temp,f_VPD,f_SW,f_O3,ustar,rsto_c,ra,rb,rsur,rinc,V_cmax_25,J_max_25,f_LS,LAIsunfrac,component_LAI,V_cmax,J_max,R_d,R_dc
0,100,7.12,0.0,3.0,4.28571414947509,-1.0,13.942296987044244,0.0,0.0,-0.4742430853607386,A_j,0.5883449556562957,0.0,1965.484180249281,20.86,20.86,62.58,62.58,-1.4227292560822158,0,0,1e-05,0,0,0,0,1.0,1.0,415.11183686235745,0.0,29.641273159525372,1193.4887996048524,1.0,36.884,0.0,0.0021180418403626646,0.0,-0.015600329309258809,0.12388163529178195,0.0,0.29,6.702546841677012e-05,5.69787731094744e-06,0,6.702546841677012e-05,5.69787731094744e-06,0.0,1.0,0.0,0.0,0.0,0.01,1.0,1.0,0.9999999338521647,0.227650830579372,655.161393416427,54.661126903288135,26.67402591843099,185.25935347137315,263.56151629208244,180.0,400.0,1.0,0.0,0,31.61620569071591,127.3341791935471,0.4742430853607386,1.4227292560822158
1,100,7.58,0.0,3.0,4.28571414947509,-1.0,13.942296987044244,0.0,0.0,-0.4992414781923369,A_j,0.5731360855091294,0.0,1965.484180249281,20.86,20.86,62.58,62.58,-1.4977244345770107,0,0,1e-05,0,0,0,0,1.0,1.0,416.4012634830417,0.0,28.955543687247857,1164.216007784423,1.0,36.426,0.0,0.004181331748195531,0.0,-0.015600329309258809,0.12388163529178195,0.0,0.29,8.623164329575153e-05,8.029516750017245e-06,0,0.00015325711171252165,1.3727394060964685e-05,0.0,1.0,0.0,0.0,0.0,0.01,1.0,1.0,0.9999999338521647,0.20899092643352185,655.161393416427,59.54158466251029,29.055635375433756,188.90665274434542,287.0937945324469,180.0,400.0,1.0,0.0,0,33.28276521282246,131.86944852236186,0.4992414781923369,1.4977244345770107
2,100,7.35,0.0,3.0,4.28571414947509,-1.0,13.942296987044244,0.0,0.0,-0.4865946189362833,A_j,0.5552778555962599,0.0,1965.484180249281,20.86,20.86,62.58,62.58,-1.45978385680885,0,0,1e-05,0,0,0,0,1.0,1.0,415.77829267365007,0.0,28.076816009139193,1129.690250709637,1.0,35.758,0.0,0.006180332028342067,0.0,-0.015600329309258809,0.12388163529178195,0.0,0.29,7.5566365552093e-05,7.606716241666181e-06,0,0.00022882347726461467,2.1334110302630866e-05,0.0,1.0,0.0,0.0,0.0,0.01,1.0,1.0,0.9999999338521647,0.19033102228767165,655.161393416427,65.37899492354072,31.90422707890766,192.99545005276502,315.24024497680455,180.0,400.0,1.0,0.0,0,32.43964126241889,129.5844747856276,0.4865946189362833,1.45978385680885
3,100,6.34,0.0,3.0,4.28571414947509,-1.0,13.942296987044244,0.0,0.0,-0.43447430782286955,A_j,0.5356527067904073,0.0,1965.484180249281,20.86,20.86,62.58,62.58,-1.3034229234686086,0,0,1e-05,0,0,0,0,1.0,1.0,413.14087150361115,0.0,27.013599904935933,1091.303785778281,1.0,34.787,0.0,0.008108681772787533,0.0,-0.015600329309258809,0.12388163529178195,0.0,0.29,4.003251518531243e-05,4.213912546530208e-06,0,0.0002688559924499271,2.5548022849161074e-05,0.0,1.0,0.0,0.0,0.0,0.01,1.0,1.0,0.9999999338521647,0.17540309897099157,655.161393416427,70.94316470426757,34.61948044732532,196.64097750761127,342.0692019961069,180.0,400.0,1.0,0.0,0,28.96495385485797,119.95584711528977,0.43447430782286955,1.3034229234686086
4,100,6.86,0.0,3.0,4.28571414947509,-1.0,13.942296987044244,0.0,0.0,-0.46062852937314464,A_j,0.5200197280206527,0.0,1965.484180249281,20.86,20.86,62.58,62.58,-1.3818855881194338,0,0,1e-05,0,0,0,0,1.0,1.0,414.47373474557253,0.0,26.2852026096581,1059.4541774440881,1.0,33.849,0.0,0.009980752793661883,0.0,-0.015600329309258809,0.12388163529178195,0.0,0.29,6.386339222796214e-05,6.821923551190132e-06,0,0.00033271938467788924,3.236994640035121e-05,0.0,1.0,0.0,0.0,0.0,0.01,1.0,1.0,0.9999999338521647,0.17540309897099157,655.161393416427,70.94316470426757,34.61948044732532,196.64097750761127,342.0692019961069,180.0,400.0,1.0,0.0,0,30.70856862487631,124.83164644863402,0.46062852937314464,1.3818855881194338
5,100,6.6,0.0,3.0,4.28571414947509,-1.0,13.942296987044244,0.0,0.0,-0.4473750836757017,A_j,0.505940988372623,0.0,1965.484180249281,20.86,20.86,62.58,62.58,-1.3421252510271051,0,0,1e-05,0,0,0,0,1.0,1.0,413.79831683127094,0.0,25.54438062704078,1030.7710742279342,1.0,32.895,0.0,0.011802140351803327,0.0,-0.015600329309258809,0.12388163529178195,0.0,0.29,6.076311476762904e-05,6.443128663413018e-06,0,0.00039348249944551827,3.881307506376423e-05,0.0,1.0,0.0,0.0,0.0,0.01,1.0,1.0,0.9999999338521647,0.17540309897099157,655.161393416427,70.94316470426757,34.61948044732532,196.64097750761127,342.0692019961069,180.0,400.0,1.0,0.0,0,29.825005578380114,122.3723881274233,0.4473750836757017,1.3421252510271051
6,100,10.07,24.11,3.0,4.28571414947509,-1.0,13.942296987044244,19.80097321122808,16.875915299561974,4.208093481501823,A_j,2.02613454714466,0.0,345.59193750576173,118.637026939659,118.637026939659,355.911080818977,355.911080818977,12.62428044450547,0,0,1e-05,0,0,0,0,1.0,1.0,349.91853882304275,0.0,19.907790644615584,793.9874203020202,1.0,30.77,0.0,0.019096224721524103,0.0,-0.015600329309258809,0.12388163529178195,0.0,0.29,2.712432274965446e-06,1.1803861214181506e-06,0,0.0003961949317204837,3.999346118518238e-05,0.0,1.0,0.0,0.0,0.0,0.01,1.0,1.0,0.9999999338521647,0.1716711181418215,115.19731250192056,72.48540741522991,35.37207784835414,81.8674839911989,349.5054889960224,180.0,400.0,1.0,0.02020625269257879,0,43.78579245948332,158.9267556813815,0.6567868868922497,1.9703606606767492
7,100,7.58,246.16,3.0,4.28571414947509,-1.0,13.942296987044244,343.37626931595514,81.57747175766215,16.142141128218896,A_p,6.084742429589298,0.0,102.30129618608333,400.7769356648433,400.7769356648433,1202.33080699453,1202.33080699453,48.42642338465669,0,0,1e-05,0,0,0,0,1.0,1.0,337.09790736253535,0.0,20.330074305176392,817.7600131676077,1.0,34.659,0.000305072746521472,0.04100129746804558,0.0,-0.015600329309258809,0.12388163529178195,0.0,0.29,0.0002960306832891132,0.00017167775611190078,0,0.0006922256150095969,0.00021167121729708316,0.0,1.0,0.0,0.0,0.0,0.01,1.0,1.0,0.9999999338521647,0.29855846633360267,34.10043206202778,41.6791092637572,20.338944762803624,29.821008511660327,200.96565617271284,180.0,400.0,1.0,0.15113073160085913,0,33.28276521282246,131.86944852236186,0.49924147819233694,1.4977244345770109
8,100,8.82,459.01,3.0,4.28571414947509,-1.0,13.942296987044244,438.6070751995597,111.25602166613233,18.519748924981958,A_p,7.392290590430839,0.0,89.1232156556877,460.037260755901,460.037260755901,1380.111782267703,1380.111782267703,55.559246774945876,0,0,1e-05,0,0,0,0,1.0,1.0,335.9275902870829,0.0,22.100913797038828,885.1753468851441,1.0,37.996,0.005317318872072494,0.0676135435935966,0.0,-0.015600329309258809,0.12388163529178195,0.0,0.29,0.0005724026151754758,0.00034492822856956604,0,0.0012646282301850727,0.0005565994458666492,0.0,1.0,0.0,0.0,0.0,0.01,1.0,1.0,0.9999999338521647,0.32468233213779285,29.7077385518959,38.32561771379972,18.70247794280793,26.333579735599564,184.7960056760578,180.0,400.0,1.0,0.26859351043864804,0,38.18504932985971,144.80172911215283,0.5727757399478957,1.718327219843687
9,100,14.32,650.18,3.0,4.28571414947509,-1.0,13.942296987044244,489.827588015131,124.17909475588282,29.66843981267753,A_c,10.319241113100292,0.0,54.19061796566018,756.5885302504045,756.5885302504045,2269.7655907512135,2269.7655907512135,89.00531943803259,0,0,1e-05,0,0,0,0,1.0,1.0,329.7067382766656,0.0,21.955095138466735,862.3275604041942,1.0,40.798,0.020866586879233547,0.10476281160075765,0.0,-0.015600329309258809,0.12388163529178195,0.0,0.29,0.0009434337356087982,0.0006978748658299721,0,0.002208061965793871,0.0012544743116966214,0.0,1.0,0.0,0.0,0.0,0.01,1.0,1.0,0.9999999338521647,0.343342236283643,18.063539321886726,36.24270370761496,17.68603892417707,16.73840520957301,174.7527444980112,180.0,400.0,1.0,0.3567535841746697,0,68.75389033396971,215.71049019906945,1.0313083550095454,3.0939250650286363
10,100,11.49,793.73,3.0,4.28571414947509,-1.0,13.942296987044244,510.4383196468663,122.33710894096373,24.75525418235791,A_p,10.35426903747676,0.0,66.09672943708817,620.303006656697,620.303006656697,1860.9090199700909,1860.9090199700909,74.26576254707373,0,0,1e-05,0,0,0,0,1.0,1.0,332.54953049873336,0.0,24.865974470572546,986.6833155145965,1.0,44.454,0.03654195541414988,0.14203818013567399,0.0,-0.015600329309258809,0.12388163529178195,0.0,0.29,0.001075883670568656,0.0007251607506568985,0,0.003283945636362527,0.00197963506235352,0.0,1.0,0.0,0.0,0.0,0.01,1.0,1.0,0.9999999338521647,0.35080619794198314,22.032243145696057,35.47158235213379,17.30974022366266,20.081338673311546,171.03460099805346,180.0,400.0,1.0,0.4157241895383575,0,51.041761200737966,176.36311844517545,0.7656264180110693,2.296879254033208
11,100,12.91,886.63,3.0,4.28571414947509,-1.0,13.942296987044244,516.4038554444144,114.84365533617853,27.250387070043548,A_p,11.932824169440666,0.0,59.6393996929438,687.4650015105851,687.4650015105851,2062.395004531755,2062.395004531755,81.75116121013065,0,0,1e-05,0,0,0,0,1.0,1.0,331.51434080496153,0.0,26.647432576460712,1052.0108554939302,1.0,48.137,0.05790012242413628,0.18499634714566038,0.0,-0.015600329309258809,0.12388163529178195,0.0,0.29,0.001244346321219417,0.0008681360900721852,0,0.004528291957581944,0.002847771152425705,0.0,1.0,0.0,0.0,0.0,0.01,1.0,1.0,0.9999999338521647,0.3657341212586632,19.879799897647935,34.023762664291596,16.603220214533575,18.260353927745047,164.05359687568395,180.0,400.0,1.0,0.45050141765475077,0,59.352357328751445,195.33241672546654,0.8902853599312717,2.670856079793815
12,100,15.75,897.91,3.0,4.28571414947509,-1.0,13.942296987044244,500.7427389011574,106.24565728682015,29.849283018328073,A_c,13.311559994475699,0.0,53.53236711849142,765.8917811209132,765.8917811209132,2297.6753433627396,2297.6753433627396,89.54784905498423,0,0,1e-05,0,0,0,0,1.0,1.0,330.83371848644003,0.0,27.768156017155675,1083.8607486430788,1.0,50.745,0.08422173840424879,0.2329179631257729,0.0,-0.015600329309258809,0.12388163529178195,0.0,0.29,0.0015522037274757015,0.0011363086978172867,0,0.006080495685057645,0.003984079850242992,0.0,1.0,0.0,0.0,0.0,0.01,1.0,1.0,0.9999999338521647,0.3806620445753433,17.844122372830473,32.68949746177036,15.95211353945383,16.51489180354212,157.62012248840227,180.0,400.0,1.0,0.4649264469449877,0,79.55788793897116,237.92508701398617,1.1933683190845672,3.5801049572537016
13,100,14.81,875.35,3.0,4.28571414947509,-1.0,13.942296987044244,494.53477669964076,106.54268882831674,29.051443000756116,A_c,13.162916684431668,0.0,55.2669372368064,741.854027921327,741.854027921327,2225.562083763981,2225.562083763981,87.15432900226835,0,0,1e-05,0,0,0,0,1.0,1.0,330.6883933048978,0.0,28.169859779926874,1104.1884207678909,1.0,51.671,0.11000823846820279,0.2803044631897269,0.0,-0.015600329309258809,0.12388163529178195,0.0,0.29,0.0013248090011218176,0.0009657476975795895,0,0.007405304686179463,0.004949827547822581,0.0,1.0,0.0,0.0,0.0,0.01,1.0,1.0,0.9999999338521647,0.3620021404294931,18.422312412268802,34.374523104129665,16.77438743324011,17.026947209336708,165.7448710702787,180.0,400.0,1.0,0.46068174100772197,0,72.30747114571354,223.14995471852666,1.084612067185703,3.2538362015571085
14,100,15.29,796.98,3.0,4.28571414947509,-1.0,13.942296987044244,482.39576314234813,110.91547422989862,29.659131584014396,A_c,13.039696585432841,0.0,53.9041421916529,760.609451018198,760.609451018198,2281.828353054594,2281.828353054594,88.97739475204318,0,0,1e-05,0,0,0,0,1.0,1.0,330.030432089921,0.0,27.708105927368706,1083.8192979784578,1.0,51.435,0.13535114617576102,0.3272473708972851,0.0,-0.015600329309258809,0.12388163529178195,0.0,0.29,0.001271886044602524,0.0009479604905585002,0,0.008677190730781987,0.0058977880383810815,0.0,1.0,0.0,0.0,0.0,0.01,1.0,1.0,0.9999999338521647,0.3470742171128131,17.968047397217635,35.85299721613522,17.495866462626775,16.652648161018362,172.87368272921535,180.0,400.0,1.0,0.4372690367934055,0,75.93763404560426,230.61311865056297,1.1390645106840638,3.4171935320521913
15,100,14.49,674.13,3.0,4.28571414947509,-1.0,13.942296987044244,462.4409321157131,114.23284348260245,28.990906887578163,A_c,12.405962290225297,0.0,55.35240988884399,740.7084909642454,740.7084909642454,2222.125472892736,2222.125472892736,86.97272066273449,0,0,1e-05,0,0,0,0,1.0,1.0,329.7923270603884,0.0,27.0164321750575,1059.4772656288555,1.0,50.422,0.1584126104205721,0.37190883514209616,0.0,-0.015600329309258809,0.12388163529178195,0.0,0.29,0.0011178406774341213,0.0008332617859487348,0,0.009795031408216108,0.0067310498243298164,0.0,1.0,0.0,0.0,0.0,0.01,1.0,1.0,0.9999999338521647,0.3284143129669629,18.45080329628133,37.890099330688365,18.489949784366935,17.086566856618898,182.6960510661026,180.0,400.0,1.0,0.39199725160410165,0,69.96956114396139,218.2708385615195,1.0495434171594207,3.148630251478262
16,100,15.33,500.65,3.0,4.28571414947509,-1.0,13.942296987044244,415.50259201038386,106.23608767173309,27.963264353208107,A_c,11.513324231436942,0.0,57.076256658735964,718.3372281252196,718.3372281252196,2155.0116843756587,2155.0116843756587,83.88979305962432,0,0,1e-05,0,0,0,0,1.0,1.0,330.254137994704,0.0,25.873165814232983,1011.4727097199818,1.0,48.438,0.1782605776537451,0.4133568023752692,0.0,-0.015600329309258809,0.12388163529178195,0.0,0.29,0.0008703664960291685,0.0006562625749488337,0,0.010665397904245276,0.00738731239927865,0.0,1.0,0.0,0.0,0.0,0.01,1.0,1.0,0.9999999338521647,0.31348638965028275,19.025418886245323,39.69438977500686,19.370423583622504,17.596183823005777,191.3958630216313,180.0,400.0,1.0,0.32021791211080725,0,76.24690884413312,231.24278791993314,1.1437036326619967,3.43111089798599
17,100,14.91,294.78,3.0,4.28571414947509,-1.0,13.942296987044244,327.3222699937494,80.95982073305534,22.690173854188977,A_c,9.420337189359186,0.0,70.49821110323045,581.5750408186067,581.5750408186067,1744.72512245582,1744.72512245582,68.07052156256694,0,0,1e-05,0,0,0,0,1.0,1.0,333.2068099906595,0.0,24.73572248635896,968.5192636158702,1.0,45.389,0.19057379153543816,0.4472700162569622,0.0,-0.015600329309258809,0.12388163529178195,0.0,0.29,0.0005435804060226326,0.0003953410209611836,0,0.011208978310267908,0.007782653420239834,0.0,1.0,0.0,0.0,0.0,0.01,1.0,1.0,0.9999999338521647,0.2873625238460925,23.49940370107682,43.30297066364385,21.13137118213364,21.406506871353724,208.7954869326887,180.0,400.0,1.0,0.217848298656295,0,73.05147648714606,224.69055644334804,1.0957721473071909,3.287316441921573
18,100,10.06,71.24,3.0,4.28571414947509,-1.0,13.942296987044244,124.60535183181938,30.347876354783203,9.11212991336538,A_p,4.4545393482810836,0.0,173.60285643412809,236.17122921912895,236.17122921912895,708.5136876573869,708.5136876573869,27.336389740096138,0,0,1e-05,0,0,0,0,1.0,1.0,342.32939513611285,0.0,24.094422514486958,960.9978430839967,1.0,41.221,0.19057379153543816,0.4633063579107741,0.0,-0.015600329309258809,0.12388163529178195,0.0,0.29,9.816672140758732e-05,5.792430216435892e-05,0,0.011307145031675495,0.007840577722404193,0.0,1.0,0.0,0.0,0.0,0.01,1.0,1.0,0.9999999338521647,0.1828670606293316,57.867618811376026,68.04752532858319,33.20644042906715,47.872859770808105,328.1071937513679,180.0,400.0,1.0,0.09149392955339646,0,43.73817511963507,158.80927846335703,0.6560726267945262,1.9682178803835786
19,100,13.0,0.0,3.0,4.28571414947509,-1.0,13.942296987044244,0.0,0.0,-0.8987571029025518,A_j,0.5778269358300492,0.0,1965.484180249281,20.86,20.86,62.58,62.58,-2.6962713087076553,0,0,1e-05,0,0,0,0,1.0,1.0,436.84076698114495,0.0,29.901849851052386,1179.1148962121222,1.0,38.987,0.19057379153543816,0.4653865348797623,0.0,-0.015600329309258809,0.12388163529178195,0.0,0.29,7.405346832803327e-05,1.0223141604304246e-05,0,0.011381198500003529,0.007850800864008498,0.0,1.0,0.0,0.0,0.0,0.01,1.0,1.0,0.9999999338521647,0.1604751756543114,655.161393416427,77.5425288628041,37.83989723312303,200.67738387853342,373.8895928794658,180.0,400.0,1.0,0.0,0,59.91714019350346,196.587172427277,0.8987571029025518,2.6962713087076553
20,100,11.52,0.0,3.0,4.28571414947509,-1.0,13.942296987044244,0.0,0.0,-0.7680907223165904,A_j,0.5294350334423569,0.0,1965.484180249281,20.86,20.86,62.58,62.58,-2.304272166949771,0,0,1e-05,0,0,0,0,1.0,1.0,430.2722632801432,0.0,27.369261673273787,1085.3212881227314,1.0,36.937,0.19057379153543816,0.4672925010001548,0.0,-0.015600329309258809,0.12388163529178195,0.0,0.29,4.4727678635955354e-05,7.219877582512672e-06,0,0.011425926178639485,0.007858020741591011,0.0,1.0,0.0,0.0,0.0,0.01,1.0,1.0,0.9999999338521647,0.12688734819178113,655.161393416427,98.06849238531105,47.85634061836147,211.55874132571174,472.8603674652067,180.0,400.0,1.0,0.0,0,51.20604815443936,176.74787216034642,0.7680907223165904,2.304272166949771
21,100,7.83,0.0,3.0,4.28571414947509,-1.0,13.942296987044244,0.0,0.0,-0.5133301617605263,A_j,0.4533399231434435,0.0,1965.484180249281,20.86,20.86,62.58,62.58,-1.539990485281579,0,0,1e-05,0,0,0,0,1.0,1.0,417.42249128548326,0.0,23.391454315762356,940.9653857045474,1.0,34.43,0.19057379153543816,0.4689245247234712,0.0,-0.015600329309258809,0.12388163529178195,0.0,0.29,2.0854157130427417e-05,4.682826287455032e-06,0,0.011446780335769912,0.007862703567878467,0.0,1.0,0.0,0.0,0.0,0.01,1.0,1.0,0.9999999338521647,0.07463961658340067,655.161393416427,166.7164370550288,81.3557790512145,236.02834011394512,803.8626246908514,180.0,400.0,1.0,0.0,0,34.222010784035085,134.39288855877763,0.5133301617605263,1.539990485281579
22,100,9.31,0.0,3.0,4.28571414947509,-1.0,13.942296987044244,0.0,0.0,-0.6044674343294707,A_j,0.4250138310129335,0.0,1965.484180249281,20.86,20.86,62.58,62.58,-1.813402302988412,0,0,1e-05,0,0,0,0,1.0,1.0,422.11368904909614,0.0,22.057129126213788,882.1709340218656,1.0,32.466,0.19057379153543816,0.47045457451511774,0.0,-0.015600329309258809,0.12388163529178195,0.0,0.29,1.553598476341244e-05,3.62058581270584e-06,0,0.011462316320533324,0.007866324153691174,0.0,1.0,0.0,0.0,0.0,0.01,1.0,1.0,0.9999999338521647,0.07463961658340067,655.161393416427,166.7164370550288,81.3557790512145,236.02834011394512,803.8626246908514,180.0,400.0,1.0,0.0,0,40.29782895529805,150.2054997404102,0.6044674343294707,1.813402302988412
23,100,8.57,0.0,3.0,4.28571414947509,-1.0,13.942296987044244,0.0,0.0,-0.557197552357711,A_j,0.40307453448303165,0.0,1965.484180249281,20.86,20.86,62.58,62.58,-1.6715926570731328,0,0,1e-05,0,0,0,0,1.0,1.0,419.7018509873028,0.0,20.888046909269125,837.7864463543111,1.0,31.022,0.19057379153543816,0.4719056428392567,0.0,-0.015600329309258809,0.12388163529178195,0.0,0.29,1.2506089972858748e-05,2.97548217700202e-06,0,0.011474822410506182,0.007869299635868176,0.0,1.0,0.0,0.0,0.0,0.01,1.0,1.0,0.9999999338521647,0.07090763575423062,655.161393416427,175.49098637371458,85.63766215917319,238.294177721067,846.1711838851069,180.0,400.0,1.0,0.0,0,37.146503490514064,142.10962845693825,0.557197552357711,1.6715926570731328
24,101,5.25,0.0,3.0,4.28571414947509,-0.6733095238095237,13.985829248040424,0.0,0.0,-0.3840448142795945,A_j,0.39444273422566334,0.0,1965.484180249281,20.86,20.86,62.58,62.58,-1.1521344428387836,0,0,1e-05,0,0,0,0,1.0,1.0,410.7679082419213,0.0,20.167740963212477,818.7166860915711,1.0,29.685,0.19057379153543816,0.4733256366824691,0.002424,-0.018605192829890548,0.11813633565591379,0.005745299635868159,0.2823396004855091,1.2060030657125013e-05,2.5433117840419097e-06,0,1.2060030657125013e-05,2.5433117840419097e-06,0.0,1.0,0.0,0.0,0.0,0.01,1.0,1.0,0.9999999338521647,0.07463961658340067,655.161393416427,166.7164370550288,81.3557790512145,236.02834011394512,803.8626246908514,180.0,400.0,1.0,0.0,0,25.602987618639634,110.27729481538509,0.3840448142795945,1.1521344428387836
25,101,6.97,0.0,3.0,4.28571414947509,-0.6733095238095237,13.985829248040424,0.0,0.0,-0.4663439698806846,A_j,0.3484718413204051,0.0,1965.484180249281,20.86,20.86,62.58,62.58,-1.3990319096420538,0,0,1e-05,0,0,0,0,1.0,1.0,415.1102347219459,0.0,18.072588057542745,729.2359387891108,1.0,28.0,0.19057379153543816,0.4745801353112225,0.002424,-0.018605192829890548,0.11813633565591379,0.005745299635868159,0.2823396004855091,7.834081372535561e-06,2.139607205725138e-06,0,1.9894112029660576e-05,4.682918989767048e-06,0.0,1.0,0.0,0.0,0.0,0.01,1.0,1.0,0.9999999338521647,0.05597971243755049,655.161393416427,222.2885827400384,108.47437206828602,248.32974231706672,1071.8168329211353,180.0,400.0,1.0,0.0,0,31.08959799204564,125.88509688627332,0.4663439698806846,1.3990319096420538
26,101,6.11,0.0,3.0,4.28571414947509,-0.6733095238095237,13.985829248040424,0.0,0.0,-0.42334940612589655,A_j,0.30443556128032173,0.0,1965.484180249281,20.86,20.86,62.58,62.58,-1.2700482183776898,0,0,1e-05,0,0,0,0,1.0,1.0,413.0081691323269,0.0,15.90245293239484,643.5777235608377,1.0,26.084,0.19057379153543816,0.4756761033318317,0.002424,-0.018605192829890548,0.11813633565591379,0.005745299635868159,0.2823396004855091,5.725974920315316e-06,1.9057480451323785e-06,0,2.562008694997589e-05,6.588667034899427e-06,0.0,1.0,0.0,0.0,0.0,0.01,1.0,1.0,0.9999999338521647,0.04105178912087036,655.161393416427,303.1207946455069,147.91959827493548,260.2493935591222,1461.5684085288208,180.0,400.0,1.0,0.0,0,28.223293741726437,117.8532975260726,0.42334940612589655,1.2700482183776898
27,101,3.61,0.0,3.0,4.28571414947509,-0.6733095238095237,13.985829248040424,0.0,0.0,-0.318306601885932,A_j,0.2745124186286206,0.0,1965.484180249281,20.86,20.86,62.58,62.58,-0.9549198056577961,0,0,1e-05,0,0,0,0,1.0,1.0,407.5783995841829,0.0,14.264306639276379,582.3100578468731,1.0,23.813,0.19057379153543816,0.47666434803889474,0.002424,-0.018605192829890548,0.11813633565591379,0.005745299635868159,0.2823396004855091,0.0,0.0,0,2.562008694997589e-05,6.588667034899427e-06,0.0,1.0,0.0,0.0,0.0,0.01,1.0,1.0,0.9999999338521647,0.037319808291700333,655.161393416427,333.4328741100576,162.711558102429,263.5873665182837,1607.7252493817027,180.0,400.0,1.0,0.0,0,21.220440125728803,97.02004551356649,0.318306601885932,0.9549198056577961
28,101,4.71,0.0,3.0,4.28571414947509,-0.6733095238095237,13.985829248040424,0.0,0.0,-0.3611229699498719,A_j,0.24785015326668636,0.0,1965.484180249281,20.86,20.86,62.58,62.58,-1.0833689098496158,0,0,1e-05,0,0,0,0,1.0,1.0,409.84916412012626,0.0,12.927308679386199,525.7526701600127,1.0,21.581,0.19057379153543816,0.4775566085906548,0.002424,-0.018605192829890548,0.11813633565591379,0.005745299635868159,0.2823396004855091,5.932949775740692e-06,2.044761558044064e-06,0,3.1553036725716585e-05,8.633428592943491e-06,0.0,1.0,0.0,0.0,0.0,0.01,1.0,1.0,0.9999999338521647,0.037319808291700333,655.161393416427,333.4328741100576,162.711558102429,263.5873665182837,1607.7252493817027,180.0,400.0,1.0,0.0,0,24.074864663324796,105.74411316753141,0.3611229699498719,1.0833689098496158
29,101,4.16,0.0,3.0,4.28571414947509,-0.6733095238095237,13.985829248040424,0.0,0.0,-0.3390872202307443,A_j,0.2254639813698052,0.0,1965.484180249281,20.86,20.86,62.58,62.58,-1.017261660692233,0,0,1e-05,0,0,0,0,1.0,1.0,408.6607414787509,0.0,11.737668021526924,478.26595492372127,1.0,19.595,0.19057379153543816,0.4783682789235861,0.002424,-0.018605192829890548,0.11813633565591379,0.005745299635868159,0.2823396004855091,6.841453842081816e-06,2.3326982404249997e-06,0,3.8394490567798405e-05,1.096612683336849e-05,0.0,1.0,0.0,0.0,0.0,0.01,1.0,1.0,0.9999999338521647,0.037319808291700333,655.161393416427,333.4328741100576,162.711558102429,263.5873665182837,1607.7252493817027,180.0,400.0,1.0,0.0,0,22.60581468204962,101.2982698901261,0.3390872202307443,1.017261660692233
30,101,11.88,28.94,3.0,4.28571414947509,-0.6733095238095237,13.985829248040424,26.83216932473538,20.050483518456215,4.889365435816926,A_j,0.8897616562210696,0.0,299.0623280574204,137.09516764053257,137.09516764053257,411.2855029215977,411.2855029215977,14.668096307450778,0,0,1e-05,0,0,0,0,1.0,1.0,344.09694463040654,0.0,8.802732835087818,348.9264527954304,1.0,17.873,0.19057379153543816,0.4815714208859819,0.002424,-0.018605192829890548,0.11813633565591379,0.005745299635868159,0.2823396004855091,0.0,0.0,0,3.8394490567798405e-05,1.096612683336849e-05,0.0,1.0,0.0,0.0,0.0,0.01,1.0,1.0,0.9999999338521647,0.04105178912087036,99.68744268580681,303.1207946455069,147.91959827493548,80.98818285880544,1461.5684085288208,180.0,400.0,1.0,0.0236734142038795,0,53.21458539938016,181.41852062551666,0.7982187809907024,2.394656342972107
31,101,6.37,254.82,3.0,4.28571414947509,-0.6733095238095237,13.985829248040424,351.06967945284794,83.56768570947202,14.095559124221506,A_p,4.819504879018896,0.0,116.39450701718462,352.2502998697929,352.2502998697929,1056.7508996093788,1056.7508996093788,42.28667737266451,0,0,1e-05,0,0,0,0,1.0,1.0,336.3823218795301,0.0,18.650656056021926,753.8556126729403,1.0,33.779,0.19057379153543816,0.49892163845044996,0.002424,-0.018605192829890548,0.11813633565591379,0.005745299635868159,0.2823396004855091,0.00029396050021296633,0.00018884969287170835,0,0.0003323549907807647,0.00019981581970507684,0.0,1.0,0.0,0.0,0.0,0.01,1.0,1.0,0.9999999338521647,0.19406300311684174,38.798169005728205,64.12170655962646,31.290684250467116,33.952804695007536,309.17793257340435,180.0,400.0,1.0,0.15443559454455763,0,29.063008503549497,120.23251659529171,0.4359451275532424,1.307835382659727
32,101,9.12,470.15,3.0,4.28571414947509,-0.6733095238095237,13.985829248040424,445.7396605826318,113.19089228978491,19.141135511205245,A_p,6.425002417155132,0.0,85.20948877706891,481.16706940076944,481.16706940076944,1443.5012082023084,1443.5012082023084,57.42340653361573,0,0,1e-05,0,0,0,0,1.0,1.0,331.845957244212,0.0,20.087788672481874,804.0338901475201,1.0,38.401,0.19210380023719664,0.5220516471522084,0.002424,-0.018605192829890548,0.11813633565591379,0.005745299635868159,0.2823396004855091,0.0005909398951875957,0.0004325710774174318,0,0.0009232948859683604,0.0006323868971225086,0.0,1.0,0.0,0.0,0.0,0.01,1.0,1.0,0.9999999338521647,0.19033102228767165,28.403162925689635,65.37899492354072,31.90422707890766,25.731763505391772,315.24024497680455,180.0,400.0,1.0,0.27137656897655965,0,39.4662587859902,148.09000931188123,0.591993881789853,1.775981645369559
33,101,16.91,655.29,3.0,4.28571414947509,-0.6733095238095237,13.985829248040424,490.8342066810386,124.2600470598222,31.16514495238647,A_c,8.53897660785044,0.0,49.507019405171725,828.1653893249116,828.1653893249116,2484.496167974735,2484.496167974735,93.49543485715941,0,0,1e-05,0,0,0,0,1.0,1.0,322.0506812423758,0.0,19.785601076815528,769.3572053220391,1.0,41.115,0.20124411602545822,0.5527919629404701,0.002424,-0.018605192829890548,0.11813633565591379,0.005745299635868159,0.2823396004855091,0.0009848379039210532,0.0008543054289372129,0,0.0019081327898894135,0.0014866923260597215,0.0,1.0,0.0,0.0,0.0,0.01,1.0,1.0,0.9999999338521647,0.17913507980016152,16.50233980172391,69.46518210626202,33.89824127133939,15.580907965218294,334.94276028785487,180.0,400.0,1.0,0.35894183215025016,0,89.3165438089122,257.02802259423135,1.3397481571336827,4.0192444714010485
34,101,13.57,798.36,3.0,4.28571414947509,-0.6733095238095237,13.985829248040424,510.9384790511512,122.10916832294596,28.707908604129955,A_p,9.208116246336749,0.0,55.2695968591471,741.8183292432414,741.8183292432414,2225.454987729724,2225.454987729724,86.12372581238986,0,0,1e-05,0,0,0,0,1.0,1.0,324.64218927953954,0.0,21.97229799026384,865.4450053359521,1.0,44.451,0.2127933345122705,0.5859411814272824,0.002424,-0.018605192829890548,0.11813633565591379,0.005745299635868159,0.2823396004855091,0.0011322362088385868,0.0009339778029089566,0,0.0030403689987280004,0.002420670128968678,0.0,1.0,0.0,0.0,0.0,0.01,1.0,1.0,0.9999999338521647,0.19779498394601175,18.42319895304903,62.91186303963351,30.700293981590377,17.247211561224187,303.344386675793,180.0,400.0,1.0,0.41747261314858636,0,63.60426595731304,204.6797515896618,0.9540639893596956,2.862191968079087
35,101,15.25,891.02,3.0,4.28571414947509,-0.6733095238095237,13.985829248040424,516.7102108302397,114.40518597823922,29.91061846382518,A_c,10.379352999338414,0.0,52.57644155980544,779.8169443126482,779.8169443126482,2339.4508329379446,2339.4508329379446,89.73185539147553,0,0,1e-05,0,0,0,0,1.0,1.0,324.8471303027977,0.0,23.83398765976635,932.8076998548463,1.0,48.049,0.2285590053098888,0.6233068522249007,0.002424,-0.018605192829890548,0.11813633565591379,0.005745299635868159,0.2823396004855091,0.0013173506249288408,0.00109357976340591,0,0.004357719623656841,0.003514249892374588,0.0,1.0,0.0,0.0,0.0,0.01,1.0,1.0,0.9999999338521647,0.21272290726269186,17.525480519935147,58.496995457904845,28.54588738639106,16.434257427852696,282.0570612950356,180.0,400.0,1.0,0.4519667131503345,0,75.62940579463964,229.9846320140294,1.1344410869195944,3.4033232607587833
36,101,18.97,927.4,3.0,4.28571414947509,-0.6733095238095237,13.985829248040424,515.0850863042687,108.64987970247685,31.75686166904586,A_c,11.228314650519408,0.0,53.798579464242245,762.1019069332687,762.1019069332687,2286.305720799806,2286.305720799806,95.27058500713758,0,0,1e-05,0,0,0,0,1.0,1.0,320.8151522708746,0.0,26.121805754237055,1005.7795314683658,1.0,51.857,0.24738093805175865,0.6637287849667706,0.002424,-0.018605192829890548,0.11813633565591379,0.005745299635868159,0.2823396004855091,0.0020443026105515906,0.0017056738742274057,0,0.0064020222342084316,0.005219923766601993,0.0,1.0,0.0,0.0,0.0,0.01,0.8944264,1.0,0.9999999338521647,0.23138281140854203,17.93285982141408,53.77949582420284,26.243799693940165,16.76304968946737,259.31052409382306,180.0,400.0,1.0,0.46623132367522396,0,108.91390204246426,292.99002572187607,1.6337085306369639,4.901125591910891
37,101,17.62,903.78,3.0,4.28571414947509,-0.6733095238095237,13.985829248040424,508.65358655627887,109.05850297754522,31.122291283655024,A_c,12.261526552829336,0.0,51.722926271084994,792.6852356557501,792.6852356557501,2378.0557069672504,2378.0557069672504,93.36687385096508,0,0,1e-05,0,0,0,0,1.0,1.0,323.6866133874612,0.0,27.75964194390029,1076.1007518216431,1.0,55.547,0.26992243364194424,0.7078702805569562,0.002424,-0.018605192829890548,0.11813633565591379,0.005745299635868159,0.2823396004855091,0.0019350428487034139,0.0016157461656847367,0,0.008337065082911845,0.0068356699322867295,0.0,1.0,0.0,0.0,0.0,0.01,0.9610781500000001,1.0,0.9999999338521647,0.227650830579372,17.240975423694998,54.661126903288135,26.67402591843099,16.162176355909914,263.56151629208244,180.0,400.0,1.0,0.46192617675018716,0,95.74228779852774,269.1562118279256,1.436134316977916,4.308402950933748
38,101,18.31,823.11,3.0,4.28571414947509,-0.6733095238095237,13.985829248040424,496.3710603779271,113.71698095360284,31.557559262395632,A_c,12.466054725568334,0.0,54.61622065527326,750.6927339184426,750.6927339184426,2252.078201755328,2252.078201755328,94.6726777871869,0,0,1e-05,0,0,0,0,1.0,1.0,320.4173354843323,0.0,29.260443409423715,1130.6280058285395,1.0,58.104,0.29320023065399026,0.7527480775690022,0.002424,-0.018605192829890548,0.11813633565591379,0.005745299635868159,0.2823396004855091,0.001868833548739085,0.0015530235274813047,0,0.010205898631650931,0.008388693459768034,0.0,1.0,0.0,0.0,0.0,0.01,0.89127325,1.0,0.9999999338521647,0.227650830579372,18.205406885091087,54.661126903288135,26.67402591843099,17.006735248488557,263.56151629208244,180.0,400.0,1.0,0.43854727995316956,0,102.31899460016405,281.223709861936,1.5347849190024607,4.604354757007382
39,101,16.96,690.5,3.0,4.28571414947509,-0.6733095238095237,13.985829248040424,471.8595788379341,116.20816241656289,30.673833091108055,A_c,12.930404286730143,0.0,53.212906403916186,770.4897696958461,770.4897696958461,2311.4693090875385,2311.4693090875385,92.02149927332417,0,0,1e-05,0,0,0,0,1.0,1.0,323.52858535611927,0.0,29.82175151634011,1154.3412045912187,1.0,59.437,0.3181496860862188,0.7992975330012307,0.002424,-0.018605192829890548,0.11813633565591379,0.005745299635868159,0.2823396004855091,0.0016076416104347424,0.0013311295979464186,0,0.011813540242085674,0.009719823057714452,0.0,1.0,0.0,0.0,0.0,0.01,0.95345515,1.0,0.9999999338521647,0.227650830579372,17.737635467972062,54.661126903288135,26.67402591843099,16.597841813237558,263.56151629208244,180.0,400.0,1.0,0.3934137140624045,0,89.75773448447205,257.8717970593322,1.3463660172670808,4.0390980518012425
40,101,18.31,513.6,3.0,4.28571414947509,-0.6733095238095237,13.985829248040424,424.3754514737366,108.3814881351052,29.17136526326389,A_c,11.944484608231896,0.0,61.49653039397106,666.7042796941195,666.7042796941195,2000.1128390823583,2000.1128390823583,87.51409578979167,0,0,1e-05,0,0,0,0,1.0,1.0,320.63161779281586,0.0,30.241539599554432,1166.6658559248087,1.0,59.022,0.33954983067585365,0.8422976775908656,0.002424,-0.018605192829890548,0.11813633565591379,0.005745299635868159,0.2823396004855091,0.0014031803679890877,0.001141985987376091,0,0.013216720610074761,0.010861809045090542,0.0,1.0,0.0,0.0,0.0,0.01,0.8581280500000001,1.0,0.9999999338521647,0.227650830579372,20.49884346465702,54.661126903288135,26.67402591843099,18.99164375226378,263.56151629208244,180.0,400.0,1.0,0.32189321688239075,0,102.31899460016405,281.223709861936,1.5347849190024607,4.604354757007382
41,101,17.64,304.13,3.0,4.28571414947509,-0.6733095238095237,13.985829248040424,335.68456670813987,82.99623980839705,23.426814693048925,A_c,10.375982208599236,0.0,74.25599346808603,552.1439830661091,552.1439830661091,1656.4319491983272,1656.4319491983272,70.28044407914678,0,0,1e-05,0,0,0,0,1.0,1.0,326.66172431812805,0.0,29.779088913105507,1150.8564604271364,1.0,56.608,0.3553033666268109,0.8796512135418229,0.002424,-0.018605192829890548,0.11813633565591379,0.005745299635868159,0.2823396004855091,0.001039302751596596,0.0008130402677829115,0,0.014256023361671357,0.011674849312873454,0.0,1.0,0.0,0.0,0.0,0.01,0.89281765,1.0,0.9999999338521647,0.22391884975020196,24.751997822695344,55.5721456850096,27.118593017071504,22.59783533727951,267.9542082302838,180.0,400.0,1.0,0.21986606606614104,0,95.92831331324075,269.5022663641468,1.4389246996986111,4.316774099095833
42,101,10.43,75.35,3.0,4.28571414947509,-0.6733095238095237,13.985829248040424,131.09637295528609,31.62899094445,9.479769989635159,A_p,4.428881692004888,0.0,164.75827182514533,248.84941766998188,248.84941766998188,746.5482530099456,746.5482530099456,28.439309968905476,0,0,1e-05,0,0,0,0,1.0,1.0,337.99192678922714,0.0,25.41425805282867,1007.2505986147854,1.0,50.39,0.3553033666268109,0.8955951876330405,0.002424,-0.018605192829890548,0.11813633565591379,0.005745299635868159,0.2823396004855091,0.00013488191001424446,0.00010443281838989977,0,0.014390905271685602,0.011779282131263353,0.0,1.0,0.0,0.0,0.0,0.01,1.0,1.0,0.9999999338521647,0.08210357824174072,54.91942394171512,151.56039732275346,73.95979913746774,47.62552805319589,730.7842042644104,180.0,400.0,1.0,0.09372388523771374,0,45.5315495439241,163.20492037527953,0.6829732431588615,2.0489197294765846
43,101,14.78,0.0,3.0,4.28571414947509,-0.6733095238095237,13.985829248040424,0.0,0.0,-1.0812828035476156,A_j,0.6087765562042673,0.0,1965.484180249281,20.86,20.86,62.58,62.58,-3.2438484106428467,0,0,1e-05,0,0,0,0,1.0,1.0,446.5830891331296,0.0,32.312005798751656,1260.4736391483136,1.0,46.786,0.3553033666268109,0.8977867832353759,0.002424,-0.018605192829890548,0.11813633565591379,0.005745299635868159,0.2823396004855091,0.00017039498115195895,4.267672188372583e-05,0,0.014561300252837561,0.01182195885314708,0.0,1.0,0.0,0.0,0.0,0.01,1.0,1.0,0.9999999338521647,0.08210357824174072,655.161393416427,151.56039732275346,73.95979913746774,231.75024712618026,730.7842042644104,180.0,400.0,1.0,0.0,0,72.08552023650772,222.68924378204204,1.0812828035476156,3.2438484106428467
44,101,12.6,0.0,3.0,4.28571414947509,-0.6733095238095237,13.985829248040424,0.0,0.0,-0.8616386224879208,A_j,0.56436888576345,0.0,1965.484180249281,20.86,20.86,62.58,62.58,-2.5849158674637622,0,0,1e-05,0,0,0,0,1.0,1.0,435.3513011860159,0.0,29.795399955622248,1171.4202944884203,1.0,43.856,0.3553033666268109,0.8998185112241243,0.002424,-0.018605192829890548,0.11813633565591379,0.005745299635868159,0.2823396004855091,0.0001423621265139753,3.616369454069737e-05,0,0.014703662379351536,0.011858122547687778,0.0,1.0,0.0,0.0,0.0,0.01,1.0,1.0,0.9999999338521647,0.07463961658340067,655.161393416427,166.7164370550288,81.3557790512145,236.02834011394512,803.8626246908514,180.0,400.0,1.0,0.0,0,57.44257483252805,191.05851541296383,0.8616386224879208,2.5849158674637622
45,101,7.23,0.0,3.0,4.28571414947509,-0.6733095238095237,13.985829248040424,0.0,0.0,-0.48011387810772127,A_j,0.5198180778791962,0.0,1965.484180249281,20.86,20.86,62.58,62.58,-1.4403416343231639,0,0,1e-05,0,0,0,0,1.0,1.0,415.77260740261613,0.0,27.039920377498465,1083.7961353383193,1.0,40.958,0.3553033666268109,0.9016898563044894,0.002424,-0.018605192829890548,0.11813633565591379,0.005745299635868159,0.2823396004855091,8.817222951946898e-05,2.2139441927970688e-05,0,0.014791834608871004,0.011880261989615748,0.0,1.0,0.0,0.0,0.0,0.01,1.0,1.0,0.9999999338521647,0.06344367409589056,655.161393416427,196.1369847706221,95.71268123672294,243.1055174803776,945.7207349304134,180.0,400.0,1.0,0.0,0,32.007591873848085,128.40610496562275,0.48011387810772127,1.4403416343231639
46,101,9.36,0.0,3.0,4.28571414947509,-0.6733095238095237,13.985829248040424,0.0,0.0,-0.6077894720698359,A_j,0.48790023782136355,0.0,1965.484180249281,20.86,20.86,62.58,62.58,-1.8233684162095076,0,0,1e-05,0,0,0,0,1.0,1.0,422.3605050456995,0.0,25.569684948993924,1017.2489466676998,1.0,38.731,0.3553033666268109,0.9034462971606463,0.002424,-0.018605192829890548,0.11813633565591379,0.005745299635868159,0.2823396004855091,0.00010572077275260784,2.793342130531566e-05,0,0.014897555381623613,0.011908195410921064,0.0,1.0,0.0,0.0,0.0,0.01,1.0,1.0,0.9999999338521647,0.06344367409589056,655.161393416427,196.1369847706221,95.71268123672294,243.1055174803776,945.7207349304134,180.0,400.0,1.0,0.0,0,40.51929813798906,150.76647974622858,0.6077894720698359,1.8233684162095076
47,101,8.3,0.0,3.0,4.28571414947509,-0.6733095238095237,13.985829248040424,0.0,0.0,-0.5408089751376952,A_j,0.4820633632851121,0.0,1965.484180249281,20.86,20.86,62.58,62.58,-1.6224269254130856,0,0,1e-05,0,0,0,0,1.0,1.0,418.8576383359692,0.0,25.093666824016562,1001.9639483358209,1.0,37.268,0.3553033666268109,0.9051817252684727,0.002424,-0.018605192829890548,0.11813633565591379,0.005745299635868159,0.2823396004855091,0.00010124133180982258,2.3982598072068037e-05,0,0.014998796713433436,0.011932178008993133,0.0,1.0,0.0,0.0,0.0,0.01,1.0,1.0,0.9999999338521647,0.07090763575423062,655.161393416427,175.49098637371458,85.63766215917319,238.294177721067,846.1711838851069,180.0,400.0,1.0,0.0,0,36.05393167584635,139.25075574210896,0.5408089751376952,1.6224269254130856
48,102,5.69,0.0,3.0,4.28571414947509,-0.32324999999999976,14.029221064987752,0.0,0.0,-0.40371118507796383,A_j,0.485469549345657,0.0,1965.484180249281,20.86,20.86,62.58,62.58,-1.2111335552338915,0,0,1e-05,0,0,0,0,1.0,1.0,411.7656258632635,0.0,24.991582093763913,1006.3658946097264,1.0,36.476,0.3553033666268109,0.9069294156461171,0.002028,-0.025749539036522585,0.10793215764692064,0.015949477644861307,0.26873402980685157,7.270448311799021e-05,1.4948023138278157e-05,0,7.270448311799021e-05,1.4948023138278157e-05,0.0,1.0,0.0,0.0,0.0,0.01,1.0,1.0,0.9999999338521647,0.07837159741257069,655.161393416427,158.77755910002745,77.48169433449002,233.84863653705173,765.5834520865252,180.0,400.0,1.0,0.0,0,26.91407900519759,114.09770598636821,0.40371118507796383,1.2111335552338915
49,102,6.72,0.0,3.0,4.28571414947509,-0.32324999999999976,14.029221064987752,0.0,0.0,-0.45344772803882155,A_j,0.4832131780009914,0.0,1965.484180249281,20.86,20.86,62.58,62.58,-1.3603431841164646,0,0,1e-05,0,0,0,0,1.0,1.0,414.30900666599655,0.0,24.92153056999858,1000.4942975415157,1.0,36.085,0.3553033666268109,0.9086689830869207,0.002028,-0.025749539036522585,0.10793215764692064,0.015949477644861307,0.26873402980685157,8.608561788327979e-05,1.7490518046200827e-05,0,0.00015879010100127,3.243854118447898e-05,0.0,1.0,0.0,0.0,0.0,0.01,1.0,1.0,0.9999999338521647,0.08210357824174072,655.161393416427,151.56039732275346,73.95979913746774,231.75024712618026,730.7842042644104,180.0,400.0,1.0,0.0,0,30.229848535921438,123.50208856727878,0.45344772803882155,1.3603431841164646
50,102,6.21,0.0,3.0,4.28571414947509,-0.32324999999999976,14.029221064987752,0.0,0.0,-0.4281535719833092,A_j,0.4846461022033572,0.0,1965.484180249281,20.86,20.86,62.58,62.58,-1.2844607159499277,0,0,1e-05,0,0,0,0,1.0,1.0,412.98313918487105,0.0,24.901339915309535,1001.2943420134948,1.0,35.53,0.3553033666268109,0.9104137090548527,0.002028,-0.025749539036522585,0.10793215764692064,0.015949477644861307,0.26873402980685157,8.111195801406038e-05,1.5171164139945577e-05,0,0.0002399020590153304,4.7609705324424555e-05,0.0,1.0,0.0,0.0,0.0,0.01,1.0,1.0,0.9999999338521647,0.08956753990008076,655.161393416427,138.93036421252404,67.79648254267877,227.77986473870095,669.8855205757097,180.0,400.0,1.0,0.0,0,28.54357146555395,118.76342078840872,0.4281535719833092,1.2844607159499277
51,102,5.08,0.0,3.0,4.28571414947509,-0.32324999999999976,14.029221064987752,0.0,0.0,-0.37668712541864785,A_j,0.4734145194416645,0.0,1965.484180249281,20.86,20.86,62.58,62.58,-1.1300613762559435,0,0,1e-05,0,0,0,0,1.0,1.0,410.3209371631817,0.0,24.20293371952762,976.2221028961271,1.0,34.079,0.3553033666268109,0.9121180013248428,0.002028,-0.025749539036522585,0.10793215764692064,0.015949477644861307,0.26873402980685157,6.366775940320048e-05,1.084201251851466e-05,0,0.00030356981841853087,5.845171784293921e-05,0.0,1.0,0.0,0.0,0.0,0.01,1.0,1.0,0.9999999338521647,0.09703150155842087,655.161393416427,128.24341311925292,62.58136850093423,224.0851463861896,618.3558651468087,180.0,400.0,1.0,0.0,0,25.11247502790986,108.8319034124957,0.37668712541864785,1.1300613762559435
52,102,5.49,0.0,3.0,4.28571414947509,-0.32324999999999976,14.029221064987752,0.0,0.0,-0.394659084354423,A_j,0.46712109085078496,0.0,1965.484180249281,20.86,20.86,62.58,62.58,-1.183977253063269,0,0,1e-05,0,0,0,0,1.0,1.0,411.1723220487254,0.0,23.751457837288307,957.0123083311875,1.0,31.914,0.3553033666268109,0.9137996372519056,0.002028,-0.025749539036522585,0.10793215764692064,0.015949477644861307,0.26873402980685157,8.833170256262328e-05,1.1810748295547148e-05,0,0.00039190152098115416,7.026246613848636e-05,0.0,1.0,0.0,0.0,0.0,0.01,1.0,1.0,0.9999999338521647,0.13061932902095114,655.161393416427,95.26653546001647,46.489016600694015,210.20449756407044,459.35007125191515,180.0,400.0,1.0,0.0,0,26.3106056236282,112.34685110770702,0.394659084354423,1.183977253063269
53,102,5.29,0.0,3.0,4.28571414947509,-0.32324999999999976,14.029221064987752,0.0,0.0,-0.3857952868066376,A_j,0.4453355590077377,0.0,1965.484180249281,20.86,20.86,62.58,62.58,-1.1573858604199128,0,0,1e-05,0,0,0,0,1.0,1.0,410.68656843450117,0.0,22.562374365895117,909.558910874865,1.0,29.618,0.3553033666268109,0.9154028452643335,0.002028,-0.025749539036522585,0.10793215764692064,0.015949477644861307,0.26873402980685157,8.85180657222579e-05,1.0250809126533292e-05,0,0.00048041958670341203,8.051327526501965e-05,0.0,1.0,0.0,0.0,0.0,0.01,1.0,1.0,0.9999999338521647,0.15301121399597134,655.161393416427,81.32509124635551,39.68574587864123,202.86235337459752,392.1281096052934,180.0,400.0,1.0,0.0,0,25.719685787109174,110.61985388019507,0.3857952868066376,1.1573858604199128
54,102,11.86,34.03,3.0,4.28571414947509,-0.32324999999999976,14.029221064987752,36.201200345394646,23.199174988383113,5.817737474375842,A_j,2.1907360707724934,0.0,260.14736746835626,157.60297864627498,157.60297864627498,472.8089359388249,472.8089359388249,17.453212423127525,0,0,1e-05,0,0,0,0,1.0,1.0,346.86963961936675,0.0,16.9751523862736,668.2593867577423,1.0,27.46,0.3553033666268109,0.9232894951191144,0.002028,-0.025749539036522585,0.10793215764692064,0.015949477644861307,0.26873402980685157,0.00028872724562421586,0.00015067234291707692,0,0.0007691468323276279,0.00023118561818209657,0.0,1.0,0.0,0.0,0.0,0.01,1.0,1.0,0.9999999338521647,0.1716711181418215,86.71578915611876,72.48540741522991,35.37207784835414,66.3744907469347,349.5054889960224,180.0,400.0,1.0,0.027110701910972163,0,53.10118743401387,181.1564380104514,0.7965178115102081,2.389553434530624
55,102,7.34,260.93,3.0,4.28571414947509,-0.32324999999999976,14.029221064987752,355.56751571164875,84.4572012057164,15.715665122951577,A_p,6.724306246884339,0.0,105.20697735142554,389.7079930644396,389.7079930644396,1169.123979193319,1169.123979193319,47.14699536885473,0,0,1e-05,0,0,0,0,1.0,1.0,337.77157357270306,0.0,22.889875970459084,915.8210841171801,1.0,38.259,0.3579108691155945,0.9474969976078981,0.002028,-0.025749539036522585,0.10793215764692064,0.015949477644861307,0.26873402980685157,0.0005222150162017882,0.0002894388548238198,0,0.001291361848529416,0.0005206244730059164,0.0,1.0,0.0,0.0,0.0,0.01,1.0,1.0,0.9999999338521647,0.3209503513086228,35.06899245047518,38.77126443140205,18.919948616561516,30.47493420153788,186.9447964397329,180.0,400.0,1.0,0.15770131876249688,0,32.40343324319913,129.48591749361168,0.4860514986479869,1.4581544959439607
56,102,9.6,475.79,3.0,4.28571414947509,-0.32324999999999976,14.029221064987752,447.7682694353408,113.5145761795651,20.174950994713175,A_p,10.051999001908417,0.0,81.60013835280586,502.45012848792794,502.45012848792794,1507.3503854637838,1507.3503854637838,60.52485298413953,0,0,1e-05,0,0,0,0,1.0,1.0,334.6998457661832,0.0,28.492040917126534,1130.7301716775037,1.0,50.006,0.3724980655224648,0.9836841940147684,0.002028,-0.025749539036522585,0.10793215764692064,0.015949477644861307,0.26873402980685157,0.0009180610855835949,0.00058363944954594,0,0.002209422934113011,0.0011042639225518564,0.0,1.0,0.0,0.0,0.0,0.01,1.0,1.0,0.9999999338521647,0.3172183704794528,27.200046117601953,39.22739695412443,19.142536247344594,24.3613245994426,189.1441469860827,180.0,400.0,1.0,0.2741128999096363,0,41.597837102501394,153.48411113687777,0.6239675565375209,1.8719026696125627
57,102,17.83,660.29,3.0,4.28571414947509,-0.32324999999999976,14.029221064987752,491.7962782373854,124.1170296703917,31.887961319323132,A_c,14.203830748518541,0.0,49.68747245580705,825.1576901293612,825.1576901293612,2475.4730703880837,2475.4730703880837,95.6638839579694,0,0,1e-05,0,0,0,0,1.0,1.0,327.2890134230692,0.0,29.83694324926762,1149.6262681366056,1.0,57.48,0.40203185621713156,1.0348179847094352,0.002028,-0.025749539036522585,0.10793215764692064,0.015949477644861307,0.26873402980685157,0.0017123539583590787,0.0013707002354663381,0,0.003921776892472089,0.0024749641580181945,0.0,1.0,0.0,0.0,0.0,0.01,0.9866349999999999,1.0,0.9999999338521647,0.3022904471627727,16.56249081860235,41.164552359266374,20.087846679312225,15.479592233395458,198.4845986890991,180.0,400.0,1.0,0.36108828026005674,0,97.70927839246204,272.8012432358714,1.4656391758869303,4.396917527660791
58,102,13.86,803.01,3.0,4.28571414947509,-0.32324999999999976,14.029221064987752,511.43830508725,121.59201770516317,29.153379432546984,A_p,15.597889296515136,0.0,55.15787667483138,743.3208540949576,743.3208540949576,2229.9625622848725,2229.9625622848725,87.46013829764095,0,0,1e-05,0,0,0,0,0.9960827616316668,0.9960827616316668,329.1230604362422,0.0,34.2856762410154,1340.0285740298539,1.0,64.552,0.43658425768458603,1.0909703861768898,0.002028,-0.025749539036522585,0.10793215764692064,0.015949477644861307,0.26873402980685157,0.001700834130371336,0.001277887107584941,0,0.0056226110228434255,0.0037528512656031356,0.0,1.0,0.0,0.0,0.0,0.01,1.0,1.0,0.9999999338521647,0.31348638965028275,18.38595889161046,39.69438977500686,19.370423583622504,17.047806037714672,191.3958630216313,180.0,400.0,1.0,0.4191856241680277,0,65.55461789978354,208.89356486690076,0.9833192684967531,2.9499578054902593
59,102,15.85,895.21,3.0,4.28571414947509,-0.32324999999999976,14.029221064987752,516.8631999402689,113.67056736050603,30.28318674063219,A_c,17.176193919167915,0.0,52.49389392794607,781.0432210701922,781.0432210701922,2343.129663210577,2343.129663210577,90.84956022189657,0,0,1e-05,0,0,0,0,0.9859321784221267,0.989809498165682,329.1302025288162,0.0,36.59508713160321,1420.1367773340949,1.0,69.042,0.4768185557935905,1.1528046842858943,0.002028,-0.025749539036522585,0.10793215764692064,0.015949477644861307,0.26873402980685157,0.002054202413473141,0.0015753687262175789,0,0.007676813436316566,0.0053282199918207145,0.0,1.0,0.0,0.0,0.0,0.01,1.0,1.0,0.9999999338521647,0.32468233213779285,17.497964642648686,38.32561771379972,18.70247794280793,16.27006506182861,184.7960056760578,180.0,400.0,1.0,0.453401484909357,0,80.36344989348206,239.53495237230175,1.205451748402231,3.6163552452066927
60,102,20.22,931.14,3.0,4.28571414947509,-0.32324999999999976,14.029221064987752,515.0549350734138,107.87081561688336,31.404388746878055,A_c,15.840181504797405,0.0,65.82166790017492,622.8951849439695,622.8951849439695,1868.6855548319086,1868.6855548319086,94.21316624063417,0,0,1e-05,0,0,0,0,0.9688825788326867,0.9827071273637443,316.61147739151954,0.0,39.67357332434661,1512.602999544984,1.0,71.419,0.5122432092108612,1.209829337703165,0.002028,-0.025749539036522585,0.10793215764692064,0.015949477644861307,0.26873402980685157,0.0025169275216240265,0.0018796693753203328,0,0.010193740957940593,0.007207889367141047,0.0,1.0,0.0,0.0,0.0,0.01,0.7394913999999999,1.0,0.9999999338521647,0.339610255454473,21.940555966724975,36.64097517692941,17.880391000266926,20.02130106189626,176.67310432765967,180.0,400.0,1.0,0.4675089702555179,0,122.19475359719874,315.7170551114991,1.8329213039579808,5.498763911873942
61,102,18.65,907.36,3.0,4.28571414947509,-0.32324999999999976,14.029221064987752,508.7029853500088,108.3453935143465,30.83708069184042,A_c,16.65727246176624,0.0,59.32439003671704,691.1154075857213,691.1154075857213,2073.346222757164,2073.346222757164,92.51124207552127,0,0,1e-05,0,0,0,0,0.9579527919876913,0.9887191832284117,322.59520384909837,0.0,38.86198408117595,1492.3550815579847,1.0,71.831,0.5506093900732196,1.2697955185655234,0.002028,-0.025749539036522585,0.10793215764692064,0.015949477644861307,0.26873402980685157,0.0023234256525349233,0.0017735452516961679,0,0.012517166610475517,0.008981434618837214,0.0,1.0,0.0,0.0,0.0,0.01,0.8485795,1.0,0.9999999338521647,0.32468233213779285,19.774796678905677,38.32561771379972,18.70247794280793,18.220749197144105,184.7960056760578,180.0,400.0,1.0,0.463145412834612,0,105.67951011008026,287.2603539841533,1.5851926516512038,4.755577954953612
62,102,19.45,826.57,3.0,4.28571414947509,-0.32324999999999976,14.029221064987752,496.61090242769524,113.19263136481558,30.96483031905229,A_c,15.833997103542803,0.0,63.0044571972408,650.7476109451435,650.7476109451435,1952.2428328354304,1952.2428328354304,92.89449095715688,0,0,1e-05,0,0,0,0,0.9436239965295341,0.9850422739220521,319.0263103368605,0.0,38.833088241627244,1486.0508829280361,1.0,71.497,0.5860117796459737,1.3267979081382775,0.002028,-0.025749539036522585,0.10793215764692064,0.015949477644861307,0.26873402980685157,0.002218951292043293,0.0016958039206042572,0,0.01473611790251881,0.010677238539441471,0.0,1.0,0.0,0.0,0.0,0.01,0.7888775500000001,1.0,0.9999999338521647,0.31348638965028275,21.0014857324136,39.69438977500686,19.370423583622504,19.273421857657763,191.3958630216313,180.0,400.0,1.0,0.4398014004457729,0,113.89378429768323,301.66081977327633,1.7084067644652485,5.125220293395746
63,102,18.32,693.81,3.0,4.28571414947509,-0.32324999999999976,14.029221064987752,472.3350085371836,115.97227355750596,30.28728699423003,A_c,15.882679518553054,0.0,59.508857275543726,688.9730684989933,688.9730684989933,2066.91920549698,2066.91920549698,90.86186098269009,0,0,1e-05,0,0,0,0,0.9330054079958366,0.9887470130340574,322.78188464035617,0.0,37.714724013875276,1446.514723135276,1.0,70.723,0.6215894259127648,1.3839755544050685,0.002028,-0.025749539036522585,0.10793215764692064,0.015949477644861307,0.26873402980685157,0.0018917623378364742,0.0014676029687640505,0,0.016627880240355285,0.012144841508205521,0.0,1.0,0.0,0.0,0.0,0.01,0.8628751000000001,1.0,0.9999999338521647,0.29855846633360267,19.836285758514574,41.6791092637572,20.338944762803624,18.30800078705871,200.96565617271284,180.0,400.0,1.0,0.39480651251731946,0,102.41670867431304,281.40045582396965,1.5362506301146956,4.608751890344087
64,102,19.59,517.2,3.0,4.28571414947509,-0.32324999999999976,14.029221064987752,425.51523178272487,108.45821520023571,28.44419134964808,A_c,14.186045069689726,0.0,69.52087132386646,589.7509513222216,589.7509513222216,1769.2528539666646,1769.2528539666646,85.33257404894424,0,0,1e-05,0,0,0,0,0.9223019159963507,0.9885279421665114,319.52638227911643,0.0,37.655922656942046,1438.6126133426005,1.0,68.938,0.6510591881636478,1.4350453166559516,0.002028,-0.025749539036522585,0.10793215764692064,0.015949477644861307,0.26873402980685157,0.001666242486112421,0.001264011076501268,0,0.018294122726467705,0.013408852584706789,0.0,1.0,0.0,0.0,0.0,0.01,0.7775420500000001,1.0,0.9999999338521647,0.29482648550443263,23.173623774622158,42.20669292532374,20.59639975980114,21.121532001294824,203.5095252381902,180.0,400.0,1.0,0.3235455161330903,0,115.37481058347464,304.204754127763,1.7306221587521198,5.19186647625636
65,102,18.96,307.95,3.0,4.28571414947509,-0.32324999999999976,14.029221064987752,337.9302582072555,83.46859568182124,22.92468820396808,A_c,12.262453797503127,0.0,81.81070283096872,501.1569217870086,501.1569217870086,1503.4707653610258,1503.4707653610258,68.77406461190424,0,0,1e-05,0,0,0,0,0.9187628564892973,0.9961627971863962,325.8615207296144,0.0,36.67335263657253,1403.7940973687712,1.0,65.738,0.6736040218346591,1.4791901503269629,0.002028,-0.025749539036522585,0.10793215764692064,0.015949477644861307,0.26873402980685157,0.0012562576216694366,0.0009178406042570788,0,0.019550380348137143,0.014326693188963867,0.0,1.0,0.0,0.0,0.0,0.01,0.8252946999999999,1.0,0.9999999338521647,0.2836305430169225,27.270234276989576,43.872746593428644,21.409415539793297,24.50128535489091,211.54279597127672,180.0,400.0,1.0,0.22186458982607635,0,108.8117843818961,292.81031685359255,1.6321767657284414,4.896530297185324
66,102,11.26,79.25,3.0,4.28571414947509,-0.32324999999999976,14.029221064987752,137.09960851620204,32.79164963869659,9.898414327684094,A_p,6.176841836122908,0.0,158.98458737565304,257.8866333949976,257.8866333949976,773.6599001849928,773.6599001849928,29.69524298305228,0,0,1e-05,0,0,0,0,0.9187628564892973,1.0,340.3347993494744,0.0,32.55098689606047,1279.8681481893113,1.0,59.585,0.6742406524447015,1.5014267809370054,0.002028,-0.025749539036522585,0.10793215764692064,0.015949477644861307,0.26873402980685157,0.0002290881594341099,0.00015704067277482074,0,0.019779468507571254,0.014483733861738688,0.0,1.0,0.0,0.0,0.0,0.01,1.0,1.0,0.9999999338521647,0.13808329067929123,52.99486245855101,90.11699300271827,43.97609678444027,45.12628671892898,434.52033767073044,180.0,400.0,1.0,0.095943848545308,0,49.79779110434241,173.4360764588631,0.7469668665651361,2.2409005996954083
67,102,15.96,0.0,3.0,4.28571414947509,-0.32324999999999976,14.029221064987752,0.0,0.0,-1.218859183638102,A_j,0.7803425293779478,0.0,1965.484180249281,20.86,20.86,62.58,62.58,-3.6565775509143057,0,0,1e-05,0,0,0,0,0.9187628564892973,1.0,453.3626165961888,0.0,41.41827267568094,1601.7007374602686,1.0,56.42,0.6742406524447015,1.504236014042766,0.002028,-0.025749539036522585,0.10793215764692064,0.015949477644861307,0.26873402980685157,0.00027041142836949414,5.239542214595098e-05,0,0.020049879935940748,0.014536129283884638,0.0,1.0,0.0,0.0,0.0,0.01,1.0,1.0,0.9999999338521647,0.11942338653344103,655.161393416427,104.19777315939301,50.84736190700907,214.39496378899543,502.41414043178224,180.0,400.0,1.0,0.0,0,81.2572789092068,241.3140614901837,1.218859183638102,3.6565775509143057
68,102,13.61,0.0,3.0,4.28571414947509,-0.32324999999999976,14.029221064987752,0.0,0.0,-0.9580538880648434,A_j,0.7269473576087386,0.0,1965.484180249281,20.86,20.86,62.58,62.58,-2.87416166419453,0,0,1e-05,0,0,0,0,0.9187628564892973,1.0,440.1174127741291,0.0,38.41040483495481,1497.7162264843662,1.0,53.752,0.6742406524447015,1.5068530245301575,0.002028,-0.025749539036522585,0.10793215764692064,0.015949477644861307,0.26873402980685157,0.00020524711263832714,4.261288665142751e-05,0,0.020255127048579076,0.014578742170536065,0.0,1.0,0.0,0.0,0.0,0.01,1.0,1.0,0.9999999338521647,0.10076348238759089,655.161393416427,123.49365707779911,60.26354003793668,222.33234270595239,595.4537960672974,180.0,400.0,1.0,0.0,0,63.87025920432289,205.25710184774735,0.9580538880648434,2.87416166419453
69,102,7.98,0.0,3.0,4.28571414947509,-0.32324999999999976,14.029221064987752,0.0,0.0,-0.5219576250266689,A_j,0.6445958062828048,0.0,1965.484180249281,20.86,20.86,62.58,62.58,-1.5658728750800066,0,0,1e-05,0,0,0,0,0.9187628564892973,1.0,417.90815813489905,0.0,33.70309213144955,1341.7821016697665,1.0,50.534,0.6742406524447015,1.5091735694327755,0.002028,-0.025749539036522585,0.10793215764692064,0.015949477644861307,0.26873402980685157,9.764260378073007e-05,2.3951686554501528e-05,0,0.020352769652359805,0.014602693857090567,0.0,1.0,0.0,0.0,0.0,0.01,1.0,1.0,0.9999999338521647,0.06717565492506058,655.161393416427,185.2404856166987,90.39531005690502,240.6513578280954,893.1806941009461,180.0,400.0,1.0,0.0,0,34.79717500177792,135.92703267892236,0.5219576250266689,1.5658728750800066
70,102,10.16,0.0,3.0,4.28571414947509,-0.32324999999999976,14.029221064987752,0.0,0.0,-0.6632469579779875,A_j,0.6110750657577151,0.0,1965.484180249281,20.86,20.86,62.58,62.58,-1.9897408739339624,0,0,1e-05,0,0,0,0,0.9187628564892973,1.0,425.1646595415705,0.0,32.171039690476746,1270.1135001085881,1.0,47.779,0.6742406524447015,1.5113734396695033,0.002028,-0.025749539036522585,0.10793215764692064,0.015949477644861307,0.26873402980685157,0.0001215024181692572,3.0204209081386906e-05,0,0.020474272070529063,0.014632898066171953,0.0,1.0,0.0,0.0,0.0,0.01,1.0,1.0,0.9999999338521647,0.07090763575423062,655.161393416427,175.49098637371458,85.63766215917319,238.294177721067,846.1711838851069,180.0,400.0,1.0,0.0,0,44.21646386519917,159.98735088458707,0.6632469579779875,1.9897408739339624
71,102,9.07,0.0,3.0,4.28571414947509,-0.32324999999999976,14.029221064987752,0.0,0.0,-0.5887505742584016,A_j,0.5926427262900883,0.0,1965.484180249281,20.86,20.86,62.58,62.58,-1.7662517227752048,0,0,1e-05,0,0,0,0,0.9187628564892973,1.0,421.28374011509095,0.0,30.991452814103056,1228.5331350457593,1.0,45.233,0.6742406524447015,1.5135069534841477,0.002028,-0.025749539036522585,0.10793215764692064,0.015949477644861307,0.26873402980685157,0.00011326835572036985,2.537449644158965e-05,0,0.020587540426249433,0.014658272562613543,0.0,1.0,0.0,0.0,0.0,0.01,1.0,1.0,0.9999999338521647,0.07837159741257069,655.161393416427,158.77755910002745,77.48169433449002,233.84863653705173,765.5834520865252,180.0,400.0,1.0,0.0,0,39.25003828389344,147.53755744987507,0.5887505742584016,1.7662517227752048
72,103,6.41,0.0,3.0,4.28571414947509,0.048690476190476395,14.072464729873849,0.0,0.0,-0.4379133740903331,A_j,0.5712734270089744,0.0,1965.484180249281,20.86,20.86,62.58,62.58,-1.3137401222709992,0,0,1e-05,0,0,0,0,1.0,1.0,413.48426233034525,0.0,29.499642509859093,1180.2691646671474,1.0,42.091,0.6742406524447015,1.5155635378213799,0.0,-0.042319936129710876,0.09327388508430709,0.030607750207474853,0.2491896663900335,8.105529517322843e-05,1.526500972582025e-05,0,8.105529517322843e-05,1.526500972582025e-05,0.0,1.0,0.0,0.0,0.0,0.01,1.0,1.0,0.9999999338521647,0.08956753990008076,655.161393416427,138.93036421252404,67.79648254267877,227.77986473870095,669.8855205757097,180.0,400.0,1.0,0.0,0,29.19422493935554,120.60228381443427,0.4379133740903331,1.3137401222709992
73,103,7.46,0.0,3.0,4.28571414947509,0.048690476190476395,14.072464729873849,0.0,0.0,-0.492605897119005,A_j,0.5317565459031862,0.0,1965.484180249281,20.86,20.86,62.58,62.58,-1.477817691357015,0,0,1e-05,0,0,0,0,1.0,1.0,416.243327847395,0.0,27.44792796033178,1094.659852156239,1.0,38.186,0.6742406524447015,1.5174778613866313,0.0,-0.042319936129710876,0.09327388508430709,0.030607750207474853,0.2491896663900335,0.00010733013527058838,1.8297372699626113e-05,0,0.00018838543044381683,3.356238242544636e-05,0.0,1.0,0.0,0.0,0.0,0.01,1.0,1.0,0.9999999338521647,0.10449546321676093,655.161393416427,119.08316932502058,58.11127075086751,220.6383461968328,574.1875890648938,180.0,400.0,1.0,0.0,0,32.840393141267,130.67293845306074,0.492605897119005,1.477817691357015
74,103,6.94,0.0,3.0,4.28571414947509,0.048690476190476395,14.072464729873849,0.0,0.0,-0.4647787664593426,A_j,0.4867335131246888,0.0,1965.484180249281,20.86,20.86,62.58,62.58,-1.3943362993780277,0,0,1e-05,0,0,0,0,1.0,1.0,414.77991872527843,0.0,25.00953054794573,999.050285699413,1.0,34.068,0.6742406524447015,1.51923010203388,0.0,-0.042319936129710876,0.09327388508430709,0.030607750207474853,0.2491896663900335,0.00010379799507721667,1.560234272013901e-05,0,0.0002921834255210335,4.916472514558537e-05,0.0,1.0,0.0,0.0,0.0,0.01,1.0,1.0,0.9999999338521647,0.11942338653344103,655.161393416427,104.19777315939301,50.84736190700907,214.39496378899543,502.41414043178224,180.0,400.0,1.0,0.0,0,30.985251097289506,125.5970216308474,0.4647787664593426,1.3943362993780277
75,103,5.3,0.0,3.0,4.28571414947509,0.048690476190476395,14.072464729873849,0.0,0.0,-0.3862340588091211,A_j,0.44682127942072086,0.0,1965.484180249281,20.86,20.86,62.58,62.58,-1.1587021764273633,0,0,1e-05,0,0,0,0,1.0,1.0,410.73566645707933,0.0,22.78118184931328,914.9028104044468,1.0,30.481,0.6742406524447015,1.5208386586397946,0.0,-0.042319936129710876,0.09327388508430709,0.030607750207474853,0.2491896663900335,6.806790501535343e-05,8.85220593949997e-06,0,0.0003602513305363869,5.801693108508534e-05,0.0,1.0,0.0,0.0,0.0,0.01,1.0,1.0,0.9999999338521647,0.13435130985012117,655.161393416427,92.62024280834935,45.19765502845251,208.89031313246798,446.59034705047304,180.0,400.0,1.0,0.0,0,25.748937253941406,110.70564107620388,0.3862340588091211,1.1587021764273633
76,103,6.04,0.0,3.0,4.28571414947509,0.048690476190476395,14.072464729873849,0.0,0.0,-0.4200161914854999,A_j,0.4078146066768356,0.0,1965.484180249281,20.86,20.86,62.58,62.58,-1.2600485744564998,0,0,1e-05,0,0,0,0,1.0,1.0,412.46163955264376,0.0,20.8432006631557,835.0334842072393,1.0,27.888,0.6742406524447015,1.5223067912238313,0.0,-0.042319936129710876,0.09327388508430709,0.030607750207474853,0.2491896663900335,8.104402705627215e-05,1.0749096434650314e-05,0,0.00044129535759265907,6.876602751973566e-05,0.0,1.0,0.0,0.0,0.0,0.01,1.0,1.0,0.9999999338521647,0.13435130985012117,655.161393416427,92.62024280834935,45.19765502845251,208.89031313246798,446.59034705047304,180.0,400.0,1.0,0.0,0,28.001079432366662,117.21988006871646,0.4200161914854999,1.2600485744564998
77,103,5.67,0.0,3.0,4.28571414947509,0.048690476190476395,14.072464729873849,0.0,0.0,-0.40279740040130185,A_j,0.38456779915148914,0.0,1965.484180249281,20.86,20.86,62.58,62.58,-1.2083922012039054,0,0,1e-05,0,0,0,0,1.0,1.0,411.57576071814276,0.0,19.620421333038816,787.0041915070285,1.0,26.145,0.6742406524447015,1.5236912353007765,0.0,-0.042319936129710876,0.09327388508430709,0.030607750207474853,0.2491896663900335,6.85600260441974e-05,8.791907905400404e-06,0,0.0005098553836368565,7.755793542513606e-05,0.0,1.0,0.0,0.0,0.0,0.01,1.0,1.0,0.9999999338521647,0.13808329067929123,655.161393416427,90.11699300271827,43.97609678444027,207.61443646906957,434.52033767073044,180.0,400.0,1.0,0.0,0,26.853160026753457,113.92153960301602,0.40279740040130185,1.2083922012039054
78,103,11.96,39.03,3.0,4.28571414947509,0.048690476190476395,14.072464729873849,46.9962432134503,26.06714541504872,6.6528245584453325,A_j,1.9756983005916615,0.0,230.3159621398701,178.01631992445596,178.01631992445596,534.0489597733679,534.0489597733679,19.958473675336,0,0,1e-05,0,0,0,0,1.0,1.0,344.84913246778234,0.0,14.092460426192913,552.85814678192,1.0,24.279,0.6742406524447015,1.5308037491829065,0.0,-0.042319936129710876,0.09327388508430709,0.030607750207474853,0.2491896663900335,0.00022025599072615762,0.00013356638051598195,0,0.0007301113743630141,0.00021112431594111803,0.0,1.0,0.0,0.0,0.0,0.01,1.0,1.0,0.9999999338521647,0.13808329067929123,76.7719873799567,90.11699300271827,43.97609678444027,61.2900439070812,434.52033767073044,180.0,400.0,1.0,0.03051653055886896,0,53.67033203833484,182.46992019192342,0.8050549805750224,2.4151649417250676
79,103,7.52,266.5,3.0,4.28571414947509,0.048690476190476395,14.072464729873849,359.0756332993145,85.27829978083108,16.034536032809545,A_p,4.588039799103226,0.0,102.86516920556319,398.580008341469,398.580008341469,1195.740025024407,1195.740025024407,48.10360809842864,0,0,1e-05,0,0,0,0,1.0,1.0,336.7576173613769,0.0,15.688749390346343,625.0838295350967,1.0,27.138,0.6742406524447015,1.547320692459678,0.0,-0.042319936129710876,0.09327388508430709,0.030607750207474853,0.2491896663900335,0.000482804043651164,0.00028884962510361735,0,0.0012129154180141781,0.0004999739410447353,0.0,1.0,0.0,0.0,0.0,0.01,1.0,1.0,0.9999999338521647,0.27616658135858246,34.288389735187735,45.05849650135914,21.988048392220136,30.05235468427419,217.26016883536522,180.0,400.0,1.0,0.1609263169523271,0,33.06089903672071,131.27000399921923,0.4959134855508107,1.4877404566524322
80,103,9.74,480.81,3.0,4.28571414947509,0.048690476190476395,14.072464729873849,449.16467314604233,113.82266005949059,20.485897151098058,A_p,5.7270097054688085,0.0,79.94773339625036,512.8350518305369,512.8350518305369,1538.5051554916108,1538.5051554916108,61.457691453294174,0,0,1e-05,0,0,0,0,1.0,1.0,332.9648723029644,0.0,16.580757853008073,655.5101491215935,1.0,30.463,0.6742406524447015,1.5679379273993659,0.0,-0.042319936129710876,0.09327388508430709,0.030607750207474853,0.2491896663900335,0.0008563850109830991,0.0005921651787734503,0,0.0020693004289972774,0.0010921391198181855,0.0,1.0,0.0,0.0,0.0,0.01,1.0,1.0,0.9999999338521647,0.25377469638356226,26.649244465416785,49.03424619265552,23.928170309180736,24.07891012627665,236.43018373260335,180.0,400.0,1.0,0.2768018448241453,0,42.238963198140326,155.08855029556884,0.6335844479721049,1.9007533439163147
81,103,19.66,664.63,3.0,4.28571414947509,0.048690476190476395,14.072464729873849,492.2843124288692,124.00633766718299,32.13859910908563,A_c,6.548452056470726,0.0,55.007747970178976,745.3495464352965,745.3495464352965,2236.0486393058895,2236.0486393058895,96.4157973272569,0,0,1e-05,0,0,0,0,1.0,1.0,318.1001265332552,0.0,15.772391509287196,602.5563669558057,1.0,31.522,0.6762150798479961,1.5915123548026604,0.0,-0.042319936129710876,0.09327388508430709,0.030607750207474853,0.2491896663900335,0.0016046920341822178,0.0013548522184962837,0,0.0036739924631794952,0.0024469913383144692,0.0,1.0,0.0,0.0,0.0,0.01,0.85766275,1.0,0.9999999338521647,0.21645488809186184,18.335915990059657,57.48842657069961,28.05371691421191,17.13865344849984,277.1940085140868,180.0,400.0,1.0,0.3631927328418955,0,116.12009522422697,305.47894823112176,1.7418014283634045,5.225404285090214
82,103,14.53,806.98,3.0,4.28571414947509,0.048690476190476395,14.072464729873849,511.5555520955401,121.14743626010362,29.695632261799027,A_c,8.815375811464904,0.0,52.98444304565646,773.8120407280771,773.8120407280771,2321.4361221842314,2321.4361221842314,89.08689678539707,0,0,1e-05,0,0,0,0,1.0,1.0,323.54990517492865,0.0,20.954176536086763,814.7047871705007,1.0,42.848,0.6863504327692698,1.623247707723934,0.0,-0.042319936129710876,0.09327388508430709,0.030607750207474853,0.2491896663900335,0.0015065119834628737,0.0012679137057265677,0,0.005180504446642369,0.003714905044041037,0.0,1.0,0.0,0.0,0.0,0.01,1.0,1.0,0.9999999338521647,0.19033102228767165,17.66148101521882,65.37899492354072,31.90422707890766,16.59048287530787,315.24024497680455,180.0,400.0,1.0,0.4208632023891043,0,70.2582457112305,218.87647675079756,1.0538736856684574,3.161621057005372
83,103,17.09,898.72,3.0,4.28571414947509,0.048690476190476395,14.072464729873849,516.693198223142,113.03661501891385,31.141082611239344,A_c,10.85761400045871,0.0,49.986924919321076,820.2144874119386,820.2144874119386,2460.643462235816,2460.643462235816,93.42324783371804,0,0,1e-05,0,0,0,0,1.0,1.0,324.13593235497956,0.0,24.57773071313024,947.2629512722938,1.0,49.883,0.7038378431709211,1.6623351181255854,0.0,-0.042319936129710876,0.09327388508430709,0.030607750207474853,0.2491896663900335,0.001856798177325029,0.001572207979881479,0,0.007037302623967397,0.005287113023922516,0.0,1.0,0.0,0.0,0.0,0.01,0.99610435,1.0,0.9999999338521647,0.21272290726269186,16.66230830644036,58.496995457904845,28.54588738639106,15.672894633270777,282.0570612950356,180.0,400.0,1.0,0.4548057997507348,0,90.91284819447506,260.07311103135635,1.3636927229171256,4.091078168751377
84,103,21.17,934.12,3.0,4.28571414947509,0.048690476190476395,14.072464729873849,514.6870212293016,107.21610391332231,31.898130372643465,A_c,11.211790991759665,0.0,67.69895659854915,605.622332455249,605.622332455249,1816.866997365747,1816.866997365747,95.6943911179304,0,0,1e-05,0,0,0,0,1.0,1.0,311.4467818371494,0.0,29.724975595695287,1128.185022626109,1.0,55.314,0.7226002907412559,1.7026975656959202,0.0,-0.042319936129710876,0.09327388508430709,0.030607750207474853,0.2491896663900335,0.0023560990428845583,0.0018502584532647346,0,0.009393401666851955,0.007137371477187251,0.0,1.0,0.0,0.0,0.0,0.01,0.6946444,1.0,0.9999999338521647,0.27616658135858246,22.566318866183046,45.05849650135914,21.988048392220136,20.6506178907116,217.26016883536522,180.0,400.0,1.0,0.4687595097778872,0,132.93427861754589,333.183586861185,1.9940141792631882,5.982042537789565
85,103,20.18,910.24,3.0,4.28571414947509,0.048690476190476395,14.072464729873849,508.43111408302804,107.73608151578986,31.80182184074549,A_c,12.110930773241112,0.0,61.9149867122483,662.1983170334622,662.1983170334622,1986.5949511003867,1986.5949511003867,95.40546552223647,0,0,1e-05,0,0,0,0,1.0,1.0,314.9371439978758,0.0,30.71978731071156,1171.1368743950004,1.0,59.14,0.7445996415249239,1.7462969164795883,0.0,-0.042319936129710876,0.09327388508430709,0.030607750207474853,0.2491896663900335,0.0021658269435518877,0.0017585415504834923,0,0.011559228610403843,0.008895913027670743,0.0,1.0,0.0,0.0,0.0,0.01,0.7671569500000001,1.0,0.9999999338521647,0.2463107347252222,20.638328904082766,50.52013244091782,24.653266379155912,19.075912823893216,243.59473475480345,180.0,400.0,1.0,0.464339614459768,0,121.75433087322597,314.98355611373927,1.8263149630983895,5.478944889295168
86,103,20.68,829.33,3.0,4.28571414947509,0.048690476190476395,14.072464729873849,496.48665120290116,112.75733198300331,31.863257787787145,A_c,11.87214089600165,0.0,64.74471447774202,633.2563257205344,633.2563257205344,1899.7689771616033,1899.7689771616033,95.58977336336143,0,0,1e-05,0,0,0,0,1.0,1.0,310.9935581772097,0.0,31.700138709678104,1205.9355189876983,1.0,61.718,0.7657393487505298,1.7890366237051942,0.0,-0.042319936129710876,0.09327388508430709,0.030607750207474853,0.2491896663900335,0.0019823331460405193,0.0016350120262331018,0,0.013541561756444363,0.010530925053903845,0.0,1.0,0.0,0.0,0.0,0.01,0.7249582,1.0,0.9999999338521647,0.2201868689210319,21.58157149258067,56.514046459331816,27.578230186852384,19.93360702434292,272.4958049799497,180.0,400.0,1.0,0.44103159356205945,0,127.32932746765574,324.1680613507572,1.9099399120148361,5.729819736044508
87,103,19.01,696.56,3.0,4.28571414947509,0.048690476190476395,14.072464729873849,472.45450346079997,115.77507692818662,31.291130202739815,A_c,12.410184456747816,0.0,57.49382291823784,713.120086975365,713.120086975365,2139.360260926095,2139.360260926095,93.87339060821944,0,0,1e-05,0,0,0,0,1.0,1.0,316.5006252435079,0.0,31.376399403393822,1199.021831020621,1.0,63.311,0.7888160127948219,1.8337132877494864,0.0,-0.042319936129710876,0.09327388508430709,0.030607750207474853,0.2491896663900335,0.0016056346087518977,0.0013644316356613453,0,0.01514719636519626,0.01189535668956519,0.0,1.0,0.0,0.0,0.0,0.01,0.8429117500000001,1.0,0.9999999338521647,0.19406300311684174,19.164607639412612,64.12170655962646,31.290684250467116,17.90261735378422,309.17793257340435,180.0,400.0,1.0,0.3961758493746113,0,109.32304243112401,293.7092661111929,1.6398456364668603,4.9195369094005805
88,103,20.45,520.14,3.0,4.28571414947509,0.048690476190476395,14.072464729873849,426.0905479663431,108.54119494167095,29.302996687719684,A_c,11.594655333400372,0.0,69.20042944448834,592.4818722821606,592.4818722821606,1777.4456168464817,1777.4456168464817,87.90899006315905,0,0,1e-05,0,0,0,0,1.0,1.0,313.17606290230253,0.0,32.73753795840715,1245.4371053915067,1.0,63.811,0.8089567719950633,1.8754540469497276,0.0,-0.042319936129710876,0.09327388508430709,0.030607750207474853,0.2491896663900335,0.0014128278186043937,0.0011643832401488912,0,0.016560024183800655,0.013059739929714083,0.0,1.0,0.0,0.0,0.0,0.01,0.7397636500000001,1.0,0.9999999338521647,0.20525894560435182,23.066809814829444,60.624158929101384,29.583919654987096,21.232394838014315,292.31368170576417,180.0,400.0,1.0,0.32517495597384094,0,124.74616541933887,319.93948225833276,1.871192481290083,5.613577443870249
89,103,19.73,311.21,3.0,4.28571414947509,0.048690476190476395,14.072464729873849,339.45567442751434,83.89759032137674,23.596067300561533,A_c,10.534028946067712,0.0,80.96571096804149,506.3872040373162,506.3872040373162,1519.1616121119487,1519.1616121119487,70.7882019016846,0,0,1e-05,0,0,0,0,1.0,1.0,321.1902437536396,0.0,32.97514216967295,1257.2894173639088,1.0,62.746,0.8252792762009071,1.9133765511555714,0.0,-0.042319936129710876,0.09327388508430709,0.030607750207474853,0.2491896663900335,0.0010393551576409858,0.000827244348834305,0,0.01759937934144164,0.013886984278548387,0.0,1.0,0.0,0.0,0.0,0.01,0.7939166500000001,1.0,0.9999999338521647,0.20525894560435182,26.9885703226805,60.624158929101384,29.583919654987096,24.510865341398524,292.31368170576417,180.0,400.0,1.0,0.2238437970308723,0,116.86854087072929,306.7545400129045,1.7530281130609393,5.259084339182818
90,103,12.25,82.72,3.0,4.28571414947509,0.048690476190476395,14.072464729873849,142.00114195594205,33.82389452172387,10.301294887563149,A_p,5.243789085956691,0.0,150.2052201451625,272.95988754835855,272.95988754835855,818.8796626450757,818.8796626450757,30.903884662689446,0,0,1e-05,0,0,0,0,1.0,1.0,336.7633911725906,0.0,28.65798627690122,1122.1664855152128,1.0,57.886,0.8252792762009071,1.9322541918650153,0.0,-0.042319936129710876,0.09327388508430709,0.030607750207474853,0.2491896663900335,0.00014901553165404277,0.00012039337600890822,0,0.017748394873095683,0.014007377654557295,0.0,1.0,0.0,0.0,0.0,0.01,1.0,1.0,0.9999999338521647,0.07837159741257069,50.068406715054174,158.77755910002745,77.48169433449002,44.00904124032957,765.5834520865252,180.0,400.0,1.0,0.09815355493719712,0,55.35157949325271,186.32248942619054,0.8302736923987906,2.4908210771963715
91,103,16.75,0.0,3.0,4.28571414947509,0.048690476190476395,14.072464729873849,0.0,0.0,-1.3187434252533923,A_j,0.690772208094905,0.0,1965.484180249281,20.86,20.86,62.58,62.58,-3.956230275760177,0,0,1e-05,0,0,0,0,1.0,1.0,458.9305460353984,0.0,37.2728619917962,1435.763224790163,1.0,55.356,0.8252792762009071,1.934740971814157,0.0,-0.042319936129710876,0.09327388508430709,0.030607750207474853,0.2491896663900335,0.00015132899704168164,4.451893822165779e-05,0,0.017899723870137364,0.014051896592778952,0.0,1.0,0.0,0.0,0.0,0.01,1.0,1.0,0.9999999338521647,0.07090763575423062,655.161393416427,175.49098637371458,85.63766215917319,238.294177721067,846.1711838851069,180.0,400.0,1.0,0.0,0,87.91622835022615,254.33886651289916,1.3187434252533923,3.956230275760177
92,103,14.49,0.0,3.0,4.28571414947509,0.048690476190476395,14.072464729873849,0.0,0.0,-1.0495434171594207,A_j,0.6540906195339538,0.0,1965.484180249281,20.86,20.86,62.58,62.58,-3.148630251478262,0,0,1e-05,0,0,0,0,1.0,1.0,445.1544144713148,0.0,35.115982342876144,1363.7480414382433,1.0,53.191,0.8252792762009071,1.9370956980444793,0.0,-0.042319936129710876,0.09327388508430709,0.030607750207474853,0.2491896663900335,0.0001234903330187892,3.7103283015220106e-05,0,0.018023214203156154,0.014088999875794173,0.0,1.0,0.0,0.0,0.0,0.01,1.0,1.0,0.9999999338521647,0.06344367409589056,655.161393416427,196.1369847706221,95.71268123672294,243.1055174803776,945.7207349304134,180.0,400.0,1.0,0.0,0,69.96956114396139,218.2708385615195,1.0495434171594207,3.148630251478262
93,103,8.58,0.0,3.0,4.28571414947509,0.048690476190476395,14.072464729873849,0.0,0.0,-0.5578131695356583,A_j,0.6019510356289551,0.0,1965.484180249281,20.86,20.86,62.58,62.58,-1.6734395086069749,0,0,1e-05,0,0,0,0,1.0,1.0,419.9097720790363,0.0,31.889095763170825,1265.3623110146814,1.0,50.717,0.8252792762009071,1.9392627217727436,0.0,-0.042319936129710876,0.09327388508430709,0.030607750207474853,0.2491896663900335,6.502046119792853e-05,2.045993423816068e-05,0,0.018088234664354084,0.014109459810032334,0.0,1.0,0.0,0.0,0.0,0.01,1.0,1.0,0.9999999338521647,0.048515750779210436,655.161393416427,256.48682623850584,125.16273700186846,254.02238248912505,1236.7117302936174,180.0,400.0,1.0,0.0,0,37.18754463571055,142.21647852301797,0.5578131695356583,1.6734395086069749
94,103,11.02,0.0,3.0,4.28571414947509,0.048690476190476395,14.072464729873849,0.0,0.0,-0.7279309925040661,A_j,0.5825667768555426,0.0,1965.484180249281,20.86,20.86,62.58,62.58,-2.1837929775121983,0,0,1e-05,0,0,0,0,1.0,1.0,428.6782623574868,0.0,31.062571733730945,1221.7195123097154,1.0,48.735,0.8252792762009071,1.9413599621694235,0.0,-0.042319936129710876,0.09327388508430709,0.030607750207474853,0.2491896663900335,9.0430215645358e-05,2.8590820158337297e-05,0,0.018178664879999442,0.014138050630190671,0.0,1.0,0.0,0.0,0.0,0.01,1.0,1.0,0.9999999338521647,0.05224773160838046,655.161393416427,238.16633865004115,116.22254150173502,251.11365939160257,1148.3751781297876,180.0,400.0,1.0,0.0,0,48.52873283360441,170.42450035170717,0.7279309925040661,2.1837929775121983
95,103,9.8,0.0,3.0,4.28571414947509,0.048690476190476395,14.072464729873849,0.0,0.0,-0.637746990313316,A_j,0.5745039284892454,0.0,1965.484180249281,20.86,20.86,62.58,62.58,-1.913240970939948,0,0,1e-05,0,0,0,0,1.0,1.0,423.97210400136237,0.0,30.432947389755014,1202.2460984004767,1.0,47.15,0.8252792762009071,1.9434281763119847,0.0,-0.042319936129710876,0.09327388508430709,0.030607750207474853,0.2491896663900335,8.450154125527138e-05,2.4750105502847e-05,0,0.018263166421254712,0.014162800735693518,0.0,1.0,0.0,0.0,0.0,0.01,1.0,1.0,0.9999999338521647,0.05597971243755049,655.161393416427,222.2885827400384,108.47437206828602,248.32974231706672,1071.8168329211353,180.0,400.0,1.0,0.0,0,42.51646602088774,155.78051037196556,0.637746990313316,1.913240970939948
96,104,6.7,0.0,3.0,4.28571414947509,0.06297130952380972,14.115552291443095,0.0,0.0,-0.4524303687919329,A_j,0.5763483440986851,8.217564748058068,1965.484180249281,20.86,20.86,62.58,62.58,-1.3572911063757986,0,0,1e-05,0,0,0,0,1.0,1.0,414.34417296212223,14.280833333333334,30.091302573523613,1201.6590698255006,1.0,45.58,0.8252792762009071,1.94550303035074,0.0,-0.07107958339495374,0.07911108434861358,0.04477055094316837,0.2303059320757755,6.11917743803302e-05,1.5207162387526388e-05,0,6.11917743803302e-05,1.5207162387526388e-05,0.0,1.0,0.0,0.0,0.0,0.01,1.0,1.0,0.9999999338521647,0.06344367409589056,655.161393416427,196.1369847706221,95.71268123672294,243.1055174803776,945.7207349304134,180.0,400.0,1.0,0.0,0,30.16202458612886,123.31317091580928,0.4524303687919329,1.3572911063757986
97,104,7.96,0.0,3.0,4.28571414947509,0.06297130952380972,14.115552291443095,0.0,0.0,-0.5207996611537467,A_j,0.5489965090539999,8.217564748058068,1965.484180249281,20.86,20.86,62.58,62.58,-1.56239898346124,0,0,1e-05,0,0,0,0,1.0,1.0,417.8719424162223,14.280833333333334,28.786113780459633,1144.631785901893,1.0,43.603,0.8252792762009071,1.9474794177833343,0.0,-0.07107958339495374,0.07911108434861358,0.04477055094316837,0.2303059320757755,7.411845415512302e-05,1.8977727554084895e-05,0,0.00013531022853545323,3.4184889941611286e-05,0.0,1.0,0.0,0.0,0.0,0.01,1.0,1.0,0.9999999338521647,0.06344367409589056,655.161393416427,196.1369847706221,95.71268123672294,243.1055174803776,945.7207349304134,180.0,400.0,1.0,0.0,0,34.719977410249776,135.72160496762817,0.5207996611537467,1.56239898346124
98,104,7.33,0.0,3.0,4.28571414947509,0.06297130952380972,14.115552291443095,0.0,0.0,-0.48550893611955226,A_j,0.5312564726761769,8.217564748058068,1965.484180249281,20.86,20.86,62.58,62.58,-1.4565268083586567,0,0,1e-05,0,0,0,0,1.0,1.0,416.0509856135425,14.280833333333334,27.79649415435801,1107.6446481219064,1.0,42.104,0.8252792762009071,1.9493919410849685,0.0,-0.07107958339495374,0.07911108434861358,0.04477055094316837,0.2303059320757755,6.658280456901675e-05,1.6794881272583106e-05,0,0.00020189303310446998,5.0979771214194395e-05,0.0,1.0,0.0,0.0,0.0,0.01,1.0,1.0,0.9999999338521647,0.06344367409589056,655.161393416427,196.1369847706221,95.71268123672294,243.1055174803776,945.7207349304134,180.0,400.0,1.0,0.0,0,32.36726240797015,129.3874257250678,0.48550893611955226,1.4565268083586567
99,104,5.26,0.0,3.0,4.28571414947509,0.06297130952380972,14.115552291443095,0.0,0.0,-0.3844817409580689,A_j,0.5236481119928816,8.217564748058068,1965.484180249281,20.86,20.86,62.58,62.58,-1.1534452228742067,0,0,1e-05,0,0,0,0,1.0,1.0,410.83835975121747,14.280833333333334,27.184501230144402,1091.7815755283982,1.0,41.177,0.8252792762009071,1.951277074288143,0.0,-0.07107958339495374,0.07911108434861358,0.04477055094316837,0.2303059320757755,4.3138661006105076e-05,1.0363505992080706e-05,0,0.00024503169411057505,6.13432772062751e-05,0.0,1.0,0.0,0.0,0.0,0.01,1.0,1.0,0.9999999338521647,0.06344367409589056,655.161393416427,196.1369847706221,95.71268123672294,243.1055174803776,945.7207349304134,180.0,400.0,1.0,0.0,0,25.632116063871262,110.36284618768745,0.3844817409580689,1.1534452228742067
100,104,6.22,0.0,3.0,4.28571414947509,0.06297130952380972,14.115552291443095,0.0,0.0,-0.4286367493301671,A_j,0.5079620518562231,8.217564748058068,1965.484180249281,20.86,20.86,62.58,62.58,-1.2859102479905014,0,0,1e-05,0,0,0,0,1.0,1.0,413.1375368704978,14.280833333333334,26.519182428646143,1060.944562914768,1.0,40.609,0.8252792762009071,1.9531057376748253,0.0,-0.07107958339495374,0.07911108434861358,0.04477055094316837,0.2303059320757755,4.995240980461702e-05,1.2843957825822695e-05,0,0.0002949841039151921,7.41872350320978e-05,0.0,1.0,0.0,0.0,0.0,0.01,1.0,1.0,0.9999999338521647,0.05971169326672052,655.161393416427,208.39554631878602,101.69472381401815,245.66276730612842,1004.8282808635645,180.0,400.0,1.0,0.0,0,28.57578328867781,118.85477330468325,0.4286367493301671,1.2859102479905014
101,104,5.74,0.0,3.0,4.28571414947509,0.06297130952380972,14.115552291443095,0.0,0.0,-0.40600404828686276,A_j,0.4979199798080126,8.217564748058068,1965.484180249281,20.86,20.86,62.58,62.58,-1.2180121448605883,0,0,1e-05,0,0,0,0,1.0,1.0,411.9905411516578,14.280833333333334,25.994836122481306,1041.9813048345995,1.0,40.274,0.8252792762009071,1.954898249602134,0.0,-0.07107958339495374,0.07911108434861358,0.04477055094316837,0.2303059320757755,4.168176825775102e-05,1.1116783503474795e-05,0,0.0003366658721729431,8.53040185355726e-05,0.0,1.0,0.0,0.0,0.0,0.01,1.0,1.0,0.9999999338521647,0.05597971243755049,655.161393416427,222.2885827400384,108.47437206828602,248.32974231706672,1071.8168329211353,180.0,400.0,1.0,0.0,0,27.06693655245752,114.53917748602109,0.40600404828686276,1.2180121448605883
102,104,14.54,43.92,3.0,4.28571414947509,0.06297130952380972,14.115552291443095,58.6135636195098,28.649058273359184,6.9976830413979885,A_j,2.4763553878326716,8.217564748058068,214.68454592751394,190.97788256190194,190.97788256190194,572.9336476857059,572.9336476857059,20.993049124193966,0,0,1e-05,0,0,0,0,1.0,1.0,340.0243252036266,14.280833333333334,18.972273884390226,737.3049092014952,1.0,39.128,0.8252792762009071,1.9638131289983316,0.0,-0.07107958339495374,0.07911108434861358,0.04477055094316837,0.2303059320757755,0.00010854291141053883,9.088896206148628e-05,0,0.00044520878358348195,0.00017619298059705888,0.0,1.0,0.0,0.0,0.0,0.01,1.0,1.0,0.9999999338521647,0.048515750779210436,71.56151530917131,256.48682623850584,125.16273700186846,61.03399800895606,1236.7117302936174,180.0,400.0,1.0,0.03388934503044659,0,70.33057483118611,219.0280765969177,1.0549586224677914,3.1648758674033743
103,104,8.35,271.54,3.0,4.28571414947509,0.06297130952380972,14.115552291443095,361.6447119493388,86.04846014087104,17.58319664110617,A_p,6.83795805329339,8.217564748058068,92.92406372777155,441.2204799836646,441.2204799836646,1323.6614399509938,1323.6614399509938,52.74958992331851,0,0,1e-05,0,0,0,0,1.0,1.0,332.8820344093009,14.280833333333334,23.030899919647688,914.8117437032581,1.0,43.728,0.8282959251927633,1.9884297779901878,0.0,-0.07107958339495374,0.07911108434861358,0.04477055094316837,0.2303059320757755,0.00048384907911363064,0.00034782653774736815,0,0.0009290578626971126,0.000524019518344427,0.0,1.0,0.0,0.0,0.0,0.01,1.0,1.0,0.9999999338521647,0.1828670606293316,30.974687909257185,68.04752532858319,33.20644042906715,27.861155387336712,328.1071937513679,180.0,400.0,1.0,0.16410906340322937,0,36.25401369300241,139.77639442595245,0.5438102053950362,1.6314306161851087
104,104,11.45,485.29,3.0,4.28571414947509,0.06297130952380972,14.115552291443095,450.0325759199349,114.11792276574734,24.649370354411445,A_p,8.416755958027599,8.217564748058068,64.69624441624443,633.7307577888619,633.7307577888619,1901.1922733665856,1901.1922733665856,73.94811106323434,0,0,1e-05,0,0,0,0,1.0,1.0,324.42086838422415,14.280833333333334,23.567372822072965,925.8247417695461,1.0,48.677,0.8369962466416626,2.0187300994390873,0.0,-0.07107958339495374,0.07911108434861358,0.04477055094316837,0.2303059320757755,0.0008236087979049536,0.0006889269543463782,0,0.001752666660602066,0.0012129464726908052,0.0,1.0,0.0,0.0,0.0,0.01,1.0,1.0,0.9999999338521647,0.14554725233763127,21.565414805414807,85.49560874616863,41.720912333956164,20.11336590280735,412.2372434312059,180.0,400.0,1.0,0.27944280519433484,0,50.82344402971432,175.8511795086627,0.7623516604457146,2.2870549813371435
105,104,22.24,668.61,3.0,4.28571414947509,0.06297130952380972,14.115552291443095,492.5355271761317,123.90308156213774,30.87996455476581,A_c,6.945700001123635,8.217564748058068,68.79833609415948,595.9446452874407,595.9446452874407,1787.833935862322,1787.833935862322,92.63989366429743,0,0,1e-05,0,0,0,0,1.0,1.0,294.1875451188125,14.280833333333334,23.4678090960966,888.2378266667305,1.0,51.016,0.8404007666457077,2.0437346194431325,0.0,-0.07107958339495374,0.07911108434861358,0.04477055094316837,0.2303059320757755,0.001323116829314705,0.0012217282615810923,0,0.003075783489916771,0.0024346747342718976,0.0,1.0,0.0,0.0,0.0,0.01,0.6592222000000001,1.0,0.9999999338521647,0.08583555907091076,22.93277869805316,144.97081483045983,70.74415569670828,21.536720432309327,699.0109779920448,180.0,400.0,1.0,0.3652550311435243,0,145.60861999162836,352.76595252149036,2.1841292998744253,6.552387899623276
106,104,17.11,810.47,3.0,4.28571414947509,0.06297130952380972,14.115552291443095,511.416564534213,120.74695967534166,30.927637794565047,A_c,9.939294423947864,8.217564748058068,47.69329178680154,859.6596809311909,859.6596809311909,2578.9790427935727,2578.9790427935727,92.78291338369515,0,0,1e-05,0,0,0,0,1.0,1.0,309.91657028331775,14.280833333333334,27.76779895709276,1069.563987500108,1.0,62.315,0.8545822265719201,2.079516079369345,0.0,-0.07107958339495374,0.07911108434861358,0.04477055094316837,0.2303059320757755,0.0013838250927272022,0.0012974334172478218,0,0.004459608582643973,0.003732108151519719,0.0,1.0,0.0,0.0,0.0,0.01,1.0,1.0,0.9999999338521647,0.08210357824174072,15.897763928933847,151.56039732275346,73.95979913746774,15.222883624722368,730.7842042644104,180.0,400.0,1.0,0.4225053532325876,0,91.09158677649125,260.4127280101186,1.3663738016473688,4.099121404942107
107,104,19.67,901.8,3.0,4.28571414947509,0.06297130952380972,14.115552291443095,516.3303310503709,112.45264306816588,31.47210334431846,A_c,10.636296227676691,8.217564748058068,54.5028705840624,752.2539558125425,752.2539558125425,2256.761867437627,2256.761867437627,94.41631003295538,0,0,1e-05,0,0,0,0,1.0,1.0,307.190277471381,14.280833333333334,30.289825358597156,1156.5077284928054,1.0,66.225,0.8712728929915562,2.117806745788981,0.0,-0.07107958339495374,0.07911108434861358,0.04477055094316837,0.2303059320757755,0.0016758250743218498,0.0015445510157132854,0,0.006135433656965823,0.005276659167233005,0.0,1.0,0.0,0.0,0.0,0.01,0.8475202000000001,1.0,0.9999999338521647,0.10076348238759089,18.1676235280208,123.49365707779911,60.26354003793668,17.237099137192985,595.4537960672974,180.0,400.0,1.0,0.4561797440358244,0,116.2268228616719,305.6610915994699,1.7434023429250785,5.230207028775236
108,104,22.99,936.3,3.0,4.28571414947509,0.06297130952380972,14.115552291443095,513.9299732911255,106.5515145008914,30.620643307172358,A_c,10.057710688847957,8.217564748058068,81.30155988406693,504.29536725327915,504.29536725327915,1512.8861017598374,1512.8861017598374,91.86192992151707,0,0,1e-05,0,0,0,0,1.0,1.0,293.6461367246494,14.280833333333334,34.32409077065325,1295.0128416231908,1.0,69.631,0.8858806514714088,2.154014504268834,0.0,-0.07107958339495374,0.07911108434861358,0.04477055094316837,0.2303059320757755,0.0019743254338435725,0.0017181106771518267,0,0.008109759090809396,0.006994769844384832,0.0,1.0,0.0,0.0,0.0,0.01,0.5695727500000001,1.0,0.9999999338521647,0.13435130985012117,27.100519961355644,92.62024280834935,45.19765502845251,24.90007540128496,446.59034705047304,180.0,400.0,1.0,0.46998308105102504,0,154.78658999512245,366.2418165433344,2.3217988499268367,6.96539654978051
109,104,22.5,912.34,3.0,4.28571414947509,0.06297130952380972,14.115552291443095,507.77317955494664,107.12379927444226,30.878948841558426,A_c,10.713138662517956,8.217564748058068,74.37478964899532,551.262063307951,551.262063307951,1653.7861899238533,1653.7861899238533,92.63684652467528,0,0,1e-05,0,0,0,0,1.0,1.0,297.28029075875827,14.280833333333334,34.870891645032096,1318.532850319167,1.0,72.065,0.9028479506564735,2.1925818034538986,0.0,-0.07107958339495374,0.07911108434861358,0.04477055094316837,0.2303059320757755,0.0018856079665079564,0.0016667448815186143,0,0.009995367057317352,0.008661514725903445,0.0,1.0,0.0,0.0,0.0,0.01,0.6199043500000001,1.0,0.9999999338521647,0.12688734819178113,24.791596549665105,98.06849238531105,47.85634061836147,22.969113137464102,472.8603674652067,180.0,400.0,1.0,0.46550895978918244,0,148.76670232274554,357.47055792381036,2.2315005348411834,6.69450160452355
110,104,22.75,831.36,3.0,4.28571414947509,0.06297130952380972,14.115552291443095,495.96477030785775,112.30073432764829,30.885768638071212,A_c,10.719489775363636,8.217564748058068,75.86855344427322,540.4083528508978,540.4083528508978,1621.2250585526936,1621.2250585526936,92.65730591421364,0,0,1e-05,0,0,0,0,1.0,1.0,295.57907831381857,14.280833333333334,35.56849960156197,1343.485268871037,1.0,73.608,0.9198381138477826,2.2311719666452077,0.0,-0.07107958339495374,0.07911108434861358,0.04477055094316837,0.2303059320757755,0.0017416669955576136,0.001542988311393421,0,0.011737034052874965,0.010204503037296867,0.0,1.0,0.0,0.0,0.0,0.01,0.6052820500000002,1.0,0.9999999338521647,0.1231553673626111,25.289517814757737,101.04026488183564,49.306532758311825,23.412863631224603,487.1894695096069,180.0,400.0,1.0,0.4422380653234919,0,151.82773095749087,361.9630817638524,2.277415964362363,6.8322478930870885
111,104,19.92,698.9,3.0,4.28571414947509,0.06297130952380972,14.115552291443095,472.32267068520287,115.60451400415226,31.162636581598626,A_c,12.444617077481062,8.217564748058068,56.33931100170858,727.7334293058111,727.7334293058111,2183.2002879174333,2183.2002879174333,93.48790974479587,0,0,1e-05,0,0,0,0,1.0,1.0,309.80605968355565,14.280833333333334,34.65472482568538,1321.468096813176,1.0,74.327,0.9430387353267145,2.2759725881241395,0.0,-0.07107958339495374,0.07911108434861358,0.04477055094316837,0.2303059320757755,0.0014024112701272737,0.001271302572652598,0,0.01313944532300224,0.011475805609949465,0.0,1.0,0.0,0.0,0.0,0.01,0.83609065,1.0,0.9999999338521647,0.11942338653344103,18.77977033390286,104.19777315939301,50.84736190700907,17.734667649490806,502.41414043178224,180.0,400.0,1.0,0.3975219358734645,0,118.91584263981,310.2233732136561,1.7837376395971498,5.3512129187914494
112,104,21.96,522.78,3.0,4.28571414947509,0.06297130952380972,14.115552291443095,426.4231710282042,108.6200598614751,28.654195271745294,A_c,10.649380982672058,8.217564748058068,75.14794387060682,545.5904431742761,545.5904431742761,1636.7713295228282,1636.7713295228282,85.96258581523588,0,0,1e-05,0,0,0,0,1.0,1.0,301.9298554575354,14.280833333333334,35.48798676678361,1343.5985969530736,1.0,74.087,0.9597765068643339,2.314310359661759,0.0,-0.07107958339495374,0.07911108434861358,0.04477055094316837,0.2303059320757755,0.0011659398855794647,0.0010378494706679091,0,0.014305385208581704,0.012513655080617374,0.0,1.0,0.0,0.0,0.0,0.01,0.6666472000000001,1.0,0.9999999338521647,0.11569140570427101,25.049314623535608,107.55899164840568,52.48759938788033,23.241171146772725,518.6210481876461,180.0,400.0,1.0,0.32678169023398956,0,142.23937304054635,347.6694895048373,2.133590595608195,6.400771786824585
113,104,20.94,314.16,3.0,4.28571414947509,0.06297130952380972,14.115552291443095,340.5944600091882,84.29932322828213,23.266204984564254,A_c,9.950367484698345,8.217564748058068,84.81213279027834,483.4214003482726,483.4214003482726,1450.2642010448178,1450.2642010448178,69.79861495369276,0,0,1e-05,0,0,0,0,1.0,1.0,313.2481852985651,14.280833333333334,35.41021081566086,1345.4485851276222,1.0,72.585,0.973997829809248,2.350131682606673,0.0,-0.07107958339495374,0.07911108434861358,0.04477055094316837,0.2303059320757755,0.0008011983145691098,0.000697041741657057,0,0.015106583523150814,0.013210696822274432,0.0,1.0,0.0,0.0,0.0,0.01,0.7421891500000001,1.0,0.9999999338521647,0.11942338653344103,28.27071093009278,104.19777315939301,50.84736190700907,25.967116164421604,502.41414043178224,180.0,400.0,1.0,0.22580362233850662,0,130.2865414491953,328.95190281919895,1.9542981217379296,5.862894365213789
114,104,13.33,85.94,3.0,4.28571414947509,0.06297130952380972,14.115552291443095,146.2363848255195,34.77926717837012,10.595340378946531,A_c,5.075783843441399,8.217564748058068,139.73132263523792,293.42025271619724,293.42025271619724,880.2607581485918,880.2607581485918,31.786021136839594,0,0,1e-05,0,0,0,0,1.0,1.0,328.0875627670367,14.280833333333334,30.107468833900548,1176.6284877017247,1.0,66.396,0.973997829809248,2.3684045044430624,0.0,-0.07107958339495374,0.07911108434861358,0.04477055094316837,0.2303059320757755,7.234423570984083e-05,6.567426818366952e-05,0,0.015178927758860655,0.013276371090458101,0.0,1.0,0.0,0.0,0.0,0.01,1.0,1.0,0.9999999338521647,0.037319808291700333,46.5771075450793,333.4328741100576,162.711558102429,42.127893983199,1607.7252493817027,180.0,400.0,1.0,0.10035273334639867,0,62.02839869366825,201.24166332301763,0.9304259804050239,2.7912779412150717
115,104,17.71,0.0,3.0,4.28571414947509,0.06297130952380972,14.115552291443095,0.0,0.0,-1.448723544125851,A_j,0.6772385527018269,8.217564748058068,1965.484180249281,20.86,20.86,62.58,62.58,-4.346170632377553,0,0,1e-05,0,0,0,0,1.0,1.0,467.70550936534346,14.280833333333334,37.373645480944525,1436.5937350668812,1.0,62.392,0.973997829809248,2.370842563232789,0.0,-0.07107958339495374,0.07911108434861358,0.04477055094316837,0.2303059320757755,1.2592340691264099e-05,5.671440943897502e-06,0,0.015191520099551919,0.013282042531402,0.0,1.0,0.0,0.0,0.0,0.01,1.0,1.0,0.9999999338521647,0.037319808291700333,655.161393416427,333.4328741100576,162.711558102429,263.5873665182837,1607.7252493817027,180.0,400.0,1.0,0.0,0,96.58156960839007,270.7152799461129,1.448723544125851,4.346170632377553
116,104,15.51,0.0,3.0,4.28571414947509,0.06297130952380972,14.115552291443095,0.0,0.0,-1.164774611932218,A_j,0.6478911876246859,8.217564748058068,1965.484180249281,20.86,20.86,62.58,62.58,-3.4943238357966537,0,0,1e-05,0,0,0,0,1.0,1.0,453.076261883301,14.280833333333334,35.464589702194516,1374.340573839801,1.0,59.205,0.973997829809248,2.373174971508238,0.0,-0.07107958339495374,0.07911108434861358,0.04477055094316837,0.2303059320757755,1.9136069329849022e-05,8.241445643365586e-06,0,0.015210656168881767,0.013290283977045365,0.0,1.0,0.0,0.0,0.0,0.01,1.0,1.0,0.9999999338521647,0.037319808291700333,655.161393416427,333.4328741100576,162.711558102429,263.5873665182837,1607.7252493817027,180.0,400.0,1.0,0.0,0,77.6516407954812,234.0908699242947,1.164774611932218,3.4943238357966537
117,104,9.62,0.0,3.0,4.28571414947509,0.06297130952380972,14.115552291443095,0.0,0.0,-0.625333234789787,A_j,0.6749188618938922,8.217564748058068,1965.484180249281,20.86,20.86,62.58,62.58,-1.8759997043693608,0,0,1e-05,0,0,0,0,1.0,1.0,423.3676351038836,14.280833333333334,35.74028208468716,1415.3940381775292,1.0,56.074,0.973997829809248,2.375604679411056,0.0,-0.07107958339495374,0.07911108434861358,0.04477055094316837,0.2303059320757755,7.036414547233862e-05,2.152420346576409e-05,0,0.015281020314354106,0.013311808180511128,0.0,1.0,0.0,0.0,0.0,0.01,1.0,1.0,0.9999999338521647,0.05224773160838046,655.161393416427,238.16633865004115,116.22254150173502,251.11365939160257,1148.3751781297876,180.0,400.0,1.0,0.0,0,41.688882319319134,153.71244992016204,0.625333234789787,1.8759997043693608
118,104,12.09,0.0,3.0,4.28571414947509,0.06297130952380972,14.115552291443095,0.0,0.0,-0.8162746993302336,A_j,0.591393458945562,8.217564748058068,1965.484180249281,20.86,20.86,62.58,62.58,-2.4488240979907006,0,0,1e-05,0,0,0,0,1.0,1.0,437.19272385663163,14.280833333333334,31.960960191711692,1254.494645485405,1.0,53.356,0.973997829809248,2.37773369586326,0.0,-0.07107958339495374,0.07911108434861358,0.04477055094316837,0.2303059320757755,6.460296216221739e-05,2.593262962604109e-05,0,0.015345623276516323,0.01333774081013717,0.0,1.0,0.0,0.0,0.0,0.01,1.0,1.0,0.9999999338521647,0.037319808291700333,655.161393416427,333.4328741100576,162.711558102429,263.5873665182837,1607.7252493817027,180.0,400.0,1.0,0.0,0,54.41831328868224,184.1889303978546,0.8162746993302336,2.4488240979907006
119,104,10.85,0.0,3.0,4.28571414947509,0.06297130952380972,14.115552291443095,0.0,0.0,-0.7147117549360109,A_j,0.5791539069738425,8.217564748058068,1965.484180249281,20.86,20.86,62.58,62.58,-2.1441352648080327,0,0,1e-05,0,0,0,0,1.0,1.0,429.4545414858313,14.280833333333334,31.16007924530794,1228.5314695668908,1.0,52.019,0.973997829809248,2.379818649928366,0.0,-0.07107958339495374,0.07911108434861358,0.04477055094316837,0.2303059320757755,5.68077783450825e-05,2.2229682738875347e-05,0,0.015402431054861405,0.013359970492876046,0.0,1.0,0.0,0.0,0.0,0.01,1.0,1.0,0.9999999338521647,0.037319808291700333,655.161393416427,333.4328741100576,162.711558102429,263.5873665182837,1607.7252493817027,180.0,400.0,1.0,0.0,0,47.6474503290674,168.31756865785115,0.7147117549360109,2.1441352648080327
